Workbook

Sheet Bảng thông tin
A1: STT | B1: MÃ NV | C1: HỌ VÀ TÊN | D1: LOẠI HĐ | E1: CHỨC VỤ | F1: PHÒNG BAN | G1: Bậc lương | H1: LƯƠNG ĐÓNG BHXH | I1: LƯƠNG CƠ BẢN | J1: PHỤ CẤP TRÁCH NHIỆM | K1: TIỀN ĂN | L1: XĂNG XE | M1: ĐIỆN THOẠI | N1: TRANG PHỤC | O1: TỔNG LƯƠNG THEO HĐLĐ | P1: PHÚC LỢI (Thưởng Lễ, Tết, T13, Sinh nhật) | R1: TẠM ỨNG | S1: TÌNH TRẠNG
P2: Sinh nhật | Q2: Thưởng
B3: 1 | C3: 2 | D3: 3 | E3: 4 | F3: 5 | G3: 6 | H3: 7 | I3: 8 | J3: 9 | K3: 10 | L3: 11 | M3: 12 | N3: 13 | O3: 14 | P3: 15 | Q3: 16 | R3: 17 | S3: 18
A4: 1 | B4: QL001 | C4: Phạm Đăng Anh Thư | D4: HĐLĐ | E4: Tổng Giám Đốc | F4: Ban giám đốc | H4: =+IF($D4="HĐTV","",I4+J4) -> 18000000 | I4: 15000000 | J4: 3000000 | K4: 2600000 | L4: 0 | M4: 4000000 | N4: 400000 | O4: =SUM(I4:N4) -> 25000000 | R4: 0 | S4: 0
A5: 2 | B5: QL002 | C5: Nguyễn Diệp Anh Tuấn | D5: HĐLĐ | E5: Giám Đốc | F5: Ban giám đốc | H5: =+IF($D5="HĐTV","",I5+J5) -> 14000000 | I5: 12000000 | J5: 2000000 | K5: 2000000 | L5: 1000000 | M5: 2600000 | N5: 400000 | O5: =SUM(I5:N5) -> 20000000
A6: 3 | B6: NV001 | C6: Nguyễn Thị Châu Loan | D6: HĐLĐ | E6: Trưởng phòng | F6: Logistic | H6: =+IF($D6="HĐTV","",I6+J6) -> 8500000 | I6: 7500000 | J6: 1000000 | K6: 1800000 | L6: 500000 | M6: 400000 | N6: 400000 | O6: =SUM(I6:N6) -> 11600000
A7: 4 | B7: NV003 | C7: Nguyễn Diệu Quý Chi | D7: HĐLĐ | E7: Trưởng phòng | F7: Kinh doanh | H7: =+IF($D7="HĐTV","",I7+J7) -> 8500000 | I7: 7500000 | J7: 1000000 | K7: 1800000 | L7: 500000 | M7: 400000 | N7: 400000 | O7: =SUM(I7:N7) -> 11600000
A8: 5 | B8: NV004 | C8: Phạm Đăng Anh Thảo | D8: HĐLĐ | E8: Phó phòng | F8: Kinh doanh | H8: =+IF($D8="HĐTV","",I8+J8) -> 8000000 | I8: 7000000 | J8: 1000000 | K8: 1300000 | L8: 500000 | M8: 400000 | N8: 400000 | O8: =SUM(I8:N8) -> 10600000
A9: 6 | B9: NV005 | C9: Nguyễn Văn Thái | D9: HĐLĐ | E9: Phó phòng | F9: Logistic | H9: =+IF($D9="HĐTV","",I9+J9) -> 8000000 | I9: 7000000 | J9: 1000000 | K9: 1300000 | L9: 500000 | M9: 400000 | N9: 400000 | O9: =SUM(I9:N9) -> 10600000
A10: 7 | B10: NV006 | C10: Dương Nguyễn Anh Khoa | D10: HĐLĐ | E10: Trưởng phòng | F10: Sản xuất | H10: =+IF($D10="HĐTV","",I10+J10) -> 8500000 | I10: 7500000 | J10: 1000000 | K10: 1800000 | L10: 500000 | M10: 400000 | N10: 400000 | O10: =SUM(I10:N10) -> 11600000
A11: 8 | B11: NV007 | C11: Mai Hà Xuân Phúc | D11: HĐLĐ | E11: Phó phòng | F11: Sản xuất | H11: =+IF($D11="HĐTV","",I11+J11) -> 8000000 | I11: 7000000 | J11: 1000000 | K11: 1300000 | L11: 500000 | M11: 400000 | N11: 400000 | O11: =SUM(I11:N11) -> 10600000
A12: 9 | B12: NV009 | C12: Trần Thị Thanh Dung | D12: HĐLĐ | E12: Kế toán | F12: Kế toán | H12: =+IF($D12="HĐTV","",I12+J12) -> 8500000 | I12: 7500000 | J12: 1000000 | K12: 1800000 | L12: 500000 | M12: 300000 | N12: 400000 | O12: =SUM(I12:N12) -> 11500000 | T12: Báo giảm BH tháng 7
A13: 10 | B13: NV010 | C13: Lê Hữu Thọ | D13: HĐLĐ | E13: Thủ kho trưởng | F13: Logistic | H13: =+IF($D13="HĐTV","",I13+J13) -> 8000000 | I13: 7000000 | J13: 1000000 | K13: 1300000 | L13: 500000 | M13: 400000 | N13: 400000 | O13: =SUM(I13:N13) -> 10600000
A14: 11 | B14: NV011 | C14: Nguyễn Thành Long | D14: HĐLĐ | E14: Nhân viên | F14: Kinh doanh | H14: =+IF($D14="HĐTV","",I14+J14) -> 7000000 | I14: 6500000 | J14: 500000 | K14: 1000000 | L14: 500000 | M14: 300000 | N14: 400000 | O14: =SUM(I14:N14) -> 9200000
A15: 12 | B15: NV012 | C15: Nguyễn Thị Đài Trang | D15: HĐLĐ | E15: Nhân viên | F15: Kinh doanh | H15: =+IF($D15="HĐTV","",I15+J15) -> 7000000 | I15: 6500000 | J15: 500000 | K15: 1000000 | L15: 500000 | M15: 300000 | N15: 400000 | O15: =SUM(I15:N15) -> 9200000
A16: 13 | B16: NV015 | C16: Võ Thị Hoà | D16: HĐLĐ | E16: Tổ trưởng tổ 1 | F16: Sản xuất | H16: =+IF($D16="HĐTV","",I16+J16) -> 8500000 | I16: 7500000 | J16: 1000000 | K16: 1800000 | L16: 500000 | M16: 300000 | N16: 400000 | O16: =SUM(I16:N16) -> 11500000
A17: 14 | B17: NV016 | C17: Cao Ngân Giang | D17: HĐLĐ | E17: Nhân viên | F17: Sản xuất | H17: =+IF($D17="HĐTV","",I17+J17) -> 7000000 | I17: 6500000 | J17: 500000 | K17: 1000000 | L17: 500000 | M17: 300000 | N17: 400000 | O17: =SUM(I17:N17) -> 9200000
A18: 15 | B18: NV017 | C18: Lê Thị Hà | D18: HĐLĐ | E18: Nhân viên | F18: Sản xuất | H18: =+IF($D18="HĐTV","",I18+J18) -> 7000000 | I18: 6500000 | J18: 500000 | K18: 1000000 | L18: 500000 | M18: 300000 | N18: 400000 | O18: =SUM(I18:N18) -> 9200000
A19: 16 | B19: NV018 | C19: Nguyễn A Khương | D19: HĐLĐ | E19: Nhân viên | F19: Sản xuất | H19: =+IF($D19="HĐTV","",I19+J19) -> 7000000 | I19: 6500000 | J19: 500000 | K19: 1000000 | L19: 500000 | M19: 300000 | N19: 400000 | O19: =SUM(I19:N19) -> 9200000
A20: 17 | B20: NV019 | C20: Nguyễn Thị Minh Thoa | D20: HĐLĐ | E20: Nhân viên | F20: Sản xuất | H20: =+IF($D20="HĐTV","",I20+J20) -> 7000000 | I20: 6500000 | J20: 500000 | K20: 1000000 | L20: 500000 | M20: 300000 | N20: 400000 | O20: =SUM(I20:N20) -> 9200000
A21: 18 | B21: NV020 | C21: Dương Nhựt Thành | D21: HĐLĐ | E21: Nhân viên | F21: Logistic | H21: =+IF($D21="HĐTV","",I21+J21) -> 7000000 | I21: 6500000 | J21: 500000 | K21: 1000000 | L21: 1000000 | M21: 500000 | N21: 400000 | O21: =SUM(I21:N21) -> 9900000
A22: 19 | B22: NV021 | C22: Võ Thị Hoài | D22: HĐLĐ | E22: Tổ trưởng tổ 2 | F22: Sản xuất | H22: =+IF($D22="HĐTV","",I22+J22) -> 8500000 | I22: 7500000 | J22: 1000000 | K22: 1800000 | L22: 500000 | M22: 300000 | N22: 400000 | O22: =SUM(I22:N22) -> 11500000
A23: 20 | B23: NV022 | C23: Du Kim Hân | D23: HĐLĐ | E23: Nhân viên | F23: Sản xuất | H23: =+IF($D23="HĐTV","",I23+J23) -> 7000000 | I23: 6500000 | J23: 500000 | K23: 1000000 | L23: 500000 | M23: 300000 | N23: 400000 | O23: =SUM(I23:N23) -> 9200000
A24: 21 | B24: NV023 | C24: Đặng Thu Sương | D24: HĐLĐ | E24: Nhân viên | F24: Sản xuất | H24: =+IF($D24="HĐTV","",I24+J24) -> 7000000 | I24: 6500000 | J24: 500000 | K24: 1000000 | L24: 500000 | M24: 300000 | N24: 400000 | O24: =SUM(I24:N24) -> 9200000
A25: 22 | B25: NV024 | C25: Trần Tuấn Kiệt | D25: HĐLĐ | E25: Trưởng phòng | F25: Sáng tạo | H25: =+IF($D25="HĐTV","",I25+J25) -> 8500000 | I25: 7500000 | J25: 1000000 | K25: 1800000 | L25: 500000 | M25: 400000 | N25: 400000 | O25: =SUM(I25:N25) -> 11600000 | P25: 500000
A26: 23 | B26: NV025 | C26: Ngô Hồng Thắm | D26: HĐLĐ | E26: Nhân viên | F26: Sản xuất | H26: =+IF($D26="HĐTV","",I26+J26) -> 7000000 | I26: 6500000 | J26: 500000 | K26: 1000000 | L26: 500000 | M26: 300000 | N26: 400000 | O26: =SUM(I26:N26) -> 9200000
A27: 24 | B27: NV026 | C27: Trần Thị Tú Anh | D27: HĐLĐ | E27: Nhân viên | F27: Sản xuất | H27: =+IF($D27="HĐTV","",I27+J27) -> 7000000 | I27: 6500000 | J27: 500000 | K27: 1000000 | L27: 500000 | M27: 300000 | N27: 400000 | O27: =SUM(I27:N27) -> 9200000
A28: 25 | B28: NV027 | C28: Lê Thị Hiếu | D28: HĐLĐ | E28: Nhân viên | F28: Kinh doanh | H28: =+IF($D28="HĐTV","",I28+J28) -> 7000000 | I28: 6500000 | J28: 500000 | K28: 1000000 | L28: 500000 | M28: 300000 | N28: 400000 | O28: =SUM(I28:N28) -> 9200000
A29: 26 | B29: NV030 | C29: Vương Thị Ngọc Như | D29: HĐLĐ | E29: Nhân viên tư vấn | F29: Kinh doanh | H29: =+IF($D29="HĐTV","",I29+J29) -> 6000000 | I29: 5500000 | J29: 500000 | K29: 1000000 | M29: 200000 | N29: 300000 | O29: =SUM(I29:N29) -> 7500000
A30: 27 | B30: NV031 | C30: Tiết Trinh Nguyên | D30: HĐLĐ | E30: Nhân viên | F30: Logistic | H30: =+IF($D30="HĐTV","",I30+J30) -> 7000000 | I30: 6500000 | J30: 500000 | K30: 1000000 | L30: 500000 | M30: 300000 | N30: 400000 | O30: =SUM(I30:N30) -> 9200000
A31: 28 | B31: NV032 | C31: Trần Ái Nhi | D31: HĐLĐ | E31: Nhân viên | F31: Sản xuất | H31: =+IF($D31="HĐTV","",I31+J31) -> 7000000 | I31: 6500000 | J31: 500000 | K31: 1000000 | L31: 500000 | M31: 300000 | N31: 400000 | O31: =SUM(I31:N31) -> 9200000
A32: 29 | B32: NV033 | C32: Vũ Thị Loan | D32: HĐLĐ | E32: Nhân viên | F32: Sản xuất | H32: =+IF($D32="HĐTV","",I32+J32) -> 7000000 | I32: 6500000 | J32: 500000 | K32: 1000000 | L32: 500000 | M32: 300000 | N32: 400000 | O32: =SUM(I32:N32) -> 9200000 | P32: 300000
A33: 30 | B33: NV034 | C33: Lê Các Anh | D33: HĐLĐ | E33: Nhân viên | F33: Sản xuất | H33: =+IF($D33="HĐTV","",I33+J33) -> 6500000 | I33: 6000000 | J33: 500000 | K33: 1000000 | L33: 500000 | M33: 300000 | N33: 400000 | O33: =SUM(I33:N33) -> 8700000
A34: 31 | B34: NV035 | C34: Nguyễn Ngọc Bích | D34: HĐLĐ | E34: Nhân viên | F34: Sản xuất | H34: =+IF($D34="HĐTV","",I34+J34) -> 6500000 | I34: 6000000 | J34: 500000 | K34: 1000000 | L34: 500000 | M34: 300000 | N34: 400000 | O34: =SUM(I34:N34) -> 8700000
A35: 32 | B35: NV036 | C35: Nguyễn Hoàng Ngọc Châu | D35: HĐLĐ | E35: Nhân viên | F35: Logistic | H35: =+IF($D35="HĐTV","",I35+J35) -> 7500000 | I35: 6500000 | J35: 1000000 | K35: 1000000 | L35: 500000 | M35: 400000 | N35: 400000 | O35: =SUM(I35:N35) -> 9800000 | S35: Báo tăng BHXH tháng 06
A36: 33 | B36: NV037 | C36: Vũ Thị Mai Thủy | D36: HĐLĐ | E36: Kế toán trưởng | F36: Kế toán | H36: =+IF($D36="HĐTV","",I36+J36) -> 10000000 | I36: 8500000 | J36: 1500000 | K36: 1800000 | L36: 500000 | M36: 500000 | N36: 400000 | O36: =SUM(I36:N36) -> 13200000 | S36: Báo tăng BHXH tháng 06
A37: 34 | B37: NV038 | C37: Phạm Thị Kim Trang | D37: HĐLĐ | E37: Nhân viên | F37: Kinh doanh | H37: =+IF($D37="HĐTV","",I37+J37) -> 7000000 | I37: 6500000 | J37: 500000 | K37: 1000000 | L37: 500000 | M37: 400000 | N37: 400000 | O37: =SUM(I37:N37) -> 9300000 | T37: Hết tháng 7 nghỉ việc
A38: 35 | B38: NV039 | C38: Nguyễn Ngọc Hân | D38: HĐLĐ | E38: Nhân viên tư vấn | F38: Kinh doanh | H38: =+IF($D38="HĐTV","",I38+J38) -> 6000000 | I38: 5500000 | J38: 500000 | K38: 1000000 | L38: 500000 | M38: 400000 | N38: 400000 | O38: =SUM(I38:N38) -> 8300000
A39: 36 | B39: NV040 | C39: Trần Thị Ngọc Hân | D39: HĐLĐ | E39: Nhân viên | F39: Sản xuất | H39: =+IF($D39="HĐTV","",I39+J39) -> 6500000 | I39: 6000000 | J39: 500000 | K39: 1000000 | L39: 500000 | M39: 400000 | N39: 400000 | O39: =SUM(I39:N39) -> 8800000
A40: 37 | B40: NV041 | C40: Võ Thị Xuân Dung | D40: HĐLĐ | E40: Nhân viên | F40: Sản xuất | H40: =+IF($D40="HĐTV","",I40+J40) -> 7000000 | I40: 6500000 | J40: 500000 | K40: 1000000 | L40: 500000 | M40: 400000 | N40: 400000 | O40: =SUM(I40:N40) -> 9300000
A41: 38 | B41: NV042 | C41: Nguyễn Thị Ngọc | D41: HĐTV | E41: Nhân viên thử việc | F41: HCNS | G41: D04.01 | H41: =+IF($D41="HĐTV","",I41+J41) | I41: 7000000 | J41: 1000000 | K41: 1000000 | L41: 500000 | M41: 300000 | N41: 400000 | O41: =SUM(I41:N41) -> 10200000 | S41: Ngày nhận việc 01/06/2026 | T41: Thử việc 1 tháng
B42: NV043 | C42: Lê Ái Như | D42: HĐTV | E42: Nhân viên thử việc | F42: HCNS | G42: E.02.01 | H42: =+IF($D42="HĐTV","",I42+J42) | I42: 6500000 | J42: 1000000 | K42: 1000000 | L42: 500000 | M42: 400000 | N42: 400000 | O42: =SUM(I42:N42) -> 9800000 | S42: Ngày nhận việc 15/06/2026 | T42: Thử việc 2 tháng
B43: NV044 | C43: Ỳ Khố Lệ | D43: HĐTV | E43: Nhân viên thử việc | F43: HCNS | G43: E.02.01 | H43: =+IF($D43="HĐTV","",I43+J43) | I43: 6500000 | J43: 1000000 | K43: 1000000 | L43: 500000 | M43: 400000 | N43: 400000 | O43: =SUM(I43:N43) -> 9800000 | S43: Ngày nhận việc 15/06/2026 | T43: Thử việc 2 tháng

Sheet Bảng tổng hợp
A1: STT | B1: Mã NV | C1: Họ và tên | D1: Loại HĐ | E1: Chức vụ | F1: Phòng ban | G1: Lương đóng BHXH | H1: Tiền Lương, phụ cấp lương Thỏa thuận trên HĐLĐ | J1: Các khoản hỗ trợ | N1: Tổng lương theo HĐLĐ | O1: Ngày công làm việc thực tế | P1: Số ngày nghỉ hưởng nguyên lương | R1: Số giờ tăng ca thường (150%) | T1: Số giờ ngày nghỉ (200%) | V1: Tiền lương theo ngày công làm việc thực tế | X1: Tiền hỗ trợ theo ngày công thực tế | AB1: Tiền thưởng (thưởng hiệu suất, KPI, T13,phúc lợi) | AC1: Tổng tiền lương thực tế | AD1: Các khoản miễn thuế | AH1: Tổng Thu Nhập Miễn Thuế | AI1: Các khoản Công ty phải đóng | AO1: Các khoản NLĐ phải đóng | AT1: Các khoản Giảm trừ (Bản thân, người phụ thuộc) | AX1: Thu nhập chịu thuế | AY1: Thu nhập tính thuế | AZ1: Thuế TNCN NLĐ phải nộp | BA1: Tạm ứng | BB1: Tổng lương thực lĩnh
B2: 1 | C2: 2 | D2: 3 | E2: 4 | F2: 5 | H2: Lương cơ bản | I2: Phụ Cấp Trách Nhiệm | J2: Tiền ăn | K2: Xăng xe | L2: Điện thoại | M2: Trang phục | P2: Số ngày nghỉ | Q2: Số tiền | R2: Số giờ tăng ca | S2: Số tiền | T2: Số giờ tăng ca | U2: Số tiền | V2: Lương cơ bản | W2: Phụ Cấp Trách Nhiệm | X2: Tiền ăn | Y2: Xăng xe | Z2: Điện thoại | AA2: Trang phục | AD2: Tiền Ăn | AE2: Điện thoại | AF2: Trang phục | AG2: Tiền lương tăng ca | AI2: BHXH (HT(14%) ÔĐ-TS(3%) | AJ2: BHYT (3%) | AK2: BHTN (1%) | AL2: TNLĐBNN (0,5%) | AM2: Tổng cộng | AN2: KPCĐ (2%) | AO2: BHXH (8%) | AP2: BHYT (1,5%) | AQ2: BHTN (1%) | AR2: Tổng cộng | AS2: Phí công đoàn (0.5%) | AT2: GT Bản thân | AU2: Số người phụ thuộc | AV2: Số tiền GTNPT | AW2: Tổng giảm trừ
A3: 1 | B3: 1 | C3: 2 | D3: 3 | E3: 4 | F3: 5 | G3: 6 | H3: 7 | I3: 8 | J3: 9 | K3: 10 | L3: 11 | M3: 12 | N3: 13 | O3: 14 | P3: 15 | Q3: 16 | R3: 17 | S3: 18 | T3: 17 | U3: 18 | V3: 19 | W3: 20 | X3: 21 | Y3: 22 | Z3: 23 | AA3: 24 | AB3: 25 | AC3: 26 | AD3: 27 | AE3: 28 | AF3: 29 | AG3: 30 | AH3: 31 | AJ3: 33 | AK3: 34 | AL3: 35 | AM3: 36 | AN3: 37 | AO3: 38 | AP3: 39 | AQ3: 40 | AR3: 41 | AS3: 42 | AT3: 43 | AU3: 44 | AV3: 45 | AW3: 46 | AX3: 47 | AY3: 48 | AZ3: 49 | BA3: 50 | BB3: 51
A4: 1 | B4: QL001 | C4: =+VLOOKUP($B4,'Bảng thông tin'!$B$4:$R$1002,2,0) -> Phạm Đăng Anh Thư | D4: =+VLOOKUP($B4,'Bảng thông tin'!$B$4:$R$1002,3,0) -> HĐLĐ | E4: =+VLOOKUP($B4,'Bảng thông tin'!$B$4:$R$1002,4,0) -> Tổng Giám Đốc | F4: =+VLOOKUP($B4,'Bảng thông tin'!$B$4:$R$1002,5,0) -> Ban giám đốc | G4: =+VLOOKUP($B4,'Bảng thông tin'!$B$4:$R$1002,7,0) -> 18000000 | H4: =+VLOOKUP($B4,'Bảng thông tin'!$B$4:$R$1002,8,0) -> 15000000 | I4: =+VLOOKUP($B4,'Bảng thông tin'!$B$4:$R$1002,9,0) -> 3000000 | J4: =+VLOOKUP($B4,'Bảng thông tin'!$B$4:$R$1002,10,0) -> 2600000 | K4: =+VLOOKUP($B4,'Bảng thông tin'!$B$4:$R$1002,11,0) -> 0 | L4: =+VLOOKUP($B4,'Bảng thông tin'!$B$4:$R$1002,12,0) -> 4000000 | M4: =+VLOOKUP($B4,'Bảng thông tin'!$B$4:$R$1002,13,0) -> 400000 | N4: =+VLOOKUP($B4,'Bảng thông tin'!$B$4:$R$1002,14,0) -> 25000000 | O4: =VLOOKUP($B4,BCC!$B$11:$AN$1032,35,0) -> 26 | P4: =VLOOKUP($B4,BCC!$B$11:$AN$1032,38,0)+VLOOKUP($B4,BCC!$B$11:$AN$1032,39,0) -> 0 | Q4: =+((H4+I4)/26)*P4 -> 0 | R4: =VLOOKUP($B4,BCC!$B$11:$AN$1032,36,0) -> 8 | S4: =ROUND(((H4+I4)/26)/8*R4*1.5,0) -> 1038462 | T4: =VLOOKUP($B4,BCC!$B$11:$AN$1032,37,0) -> 0 | U4: =ROUND(((H4+I4)/26)/8*T4*2,0) -> 0 | V4: =IF($D4="HĐTV",(H4/26)*$O4*0.85,(H4/26)*$O4) -> 15000000 | W4: =IF($D4="HĐTV",(I4/26)*$O4*0.85,($I4/26)*$O4) -> 3000000 | X4: =(J4/26)*$O4 -> 2600000 | Y4: =(K4/26)*$O4 -> 0 | Z4: =(L4/26)*$O4 -> 4000000 | AA4: =IF($D4="HĐTV",M4/26*O4,(M4)) -> 400000 | AB4: =VLOOKUP($B4,'Bảng thông tin'!$B:$R,15,0)+VLOOKUP(B4,'Bảng thông tin'!$B:$Q,16,0) -> 0 | AC4: =+SUM(V4:AB4)+Q4+S4+U4 -> 26038462 | AD4: =X4 -> 2600000 | AE4: =IF($D4="HĐTV",0,Z4) -> 4000000 | AF4: =IF($D4="HĐTV",0,IF(AA4<=(5000000/12),AA4,AA4-(AA4-(5000000/12)))) -> 400000 | AG4: =+S4+U4 -> 1038462 | AH4: =+SUM(AD4:AG4) -> 8038462 | AI4: =IFERROR(IF($O4<14,0,$G4*17%),0) -> 3060000 | AJ4: =IFERROR(IF($O4<14,0,$G4*3%),0) -> 540000 | AK4: =IFERROR(IF($O4<14,0,$G4*1%),0) -> 180000 | AL4: =IFERROR(IF($O4<14,0,$G4*0.5%),0) -> 90000 | AM4: =IFERROR(SUM(AI4:AL4),0) -> 3870000 | AN4: =IFERROR($G4*2%,0) -> 360000 | AO4: =IFERROR(IF($O4<14,0,$G4*8%),0) -> 1440000 | AP4: =IFERROR(IF($O4<14,0,$G4*1.5%),0) -> 270000 | AQ4: =IFERROR(IF($O4<14,0,$G4*1%),0) -> 180000 | AR4: =SUM(AO4:AQ4) -> 1890000 | AS4: =+SUM($G$4)*0% -> 0 | AT4: =IF($D4="HĐTV",0,15500000) -> 15500000 | AV4: =+AU4*6200000 -> 0 | AW4: =+AT4+AV4 -> 15500000 | AX4: =ROUND(AC4-AH4,0) -> 18000000 | AY4: =IF(AX4-AW4-AR4-AS4<0,0,AX4-AW4-AR4-AS4) -> 610000 | AZ4: =IF(D4="HĐLĐ",IF(AY4<=10000000,AY4*5%,IF(AY4<=30000000,AY4*10%-500000,IF(AY4<=60000000,AY4*20%-3500000,IF(AY4<=100000000,AY4*30%-9500000,AY4*35%-14500000)))),AY4*10%) -> 30500 | BA4: =+VLOOKUP($B4,'Bảng thông tin'!$B:$R,16,0) -> 0 | BB4: =ROUND(AC4-AZ4-AR4-AS4-BA4,0) -> 24117962
A5: 2 | B5: QL002 | C5: =+VLOOKUP($B5,'Bảng thông tin'!$B$4:$R$1002,2,0) -> Nguyễn Diệp Anh Tuấn | D5: =+VLOOKUP($B5,'Bảng thông tin'!$B$4:$R$1002,3,0) -> HĐLĐ | E5: Giám Đốc | F5: =+VLOOKUP($B5,'Bảng thông tin'!$B$4:$R$1002,5,0) -> Ban giám đốc | G5: =+VLOOKUP($B5,'Bảng thông tin'!$B$4:$R$1002,7,0) -> 14000000 | H5: =+VLOOKUP($B5,'Bảng thông tin'!$B$4:$R$1002,8,0) -> 12000000 | I5: =+VLOOKUP($B5,'Bảng thông tin'!$B$4:$R$1002,9,0) -> 2000000 | J5: =+VLOOKUP($B5,'Bảng thông tin'!$B$4:$R$1002,10,0) -> 2000000 | K5: =+VLOOKUP($B5,'Bảng thông tin'!$B$4:$R$1002,11,0) -> 1000000 | L5: =+VLOOKUP($B5,'Bảng thông tin'!$B$4:$R$1002,12,0) -> 2600000 | M5: =+VLOOKUP($B5,'Bảng thông tin'!$B$4:$R$1002,13,0) -> 400000 | N5: =+VLOOKUP($B5,'Bảng thông tin'!$B$4:$R$1002,14,0) -> 20000000 | O5: =VLOOKUP($B5,BCC!$B$11:$AN$1032,35,0) -> 26 | P5: =VLOOKUP($B5,BCC!$B$11:$AN$1032,38,0)+VLOOKUP($B5,BCC!$B$11:$AN$1032,39,0) -> 0 | Q5: =+((H5+I5)/26)*P5 -> 0 | R5: =VLOOKUP($B5,BCC!$B$11:$AN$1032,36,0) -> 0 | S5: =ROUND(((H5+I5)/26)/8*R5*1.5,0) -> 0 | T5: =VLOOKUP($B5,BCC!$B$11:$AN$1032,37,0) -> 0 | U5: =ROUND(((H5+I5)/26)/8*T5*2,0) -> 0 | V5: =IF($D5="HĐTV",(H5/26)*$O5*0.85,(H5/26)*$O5) -> 12000000 | W5: =IF($D5="HĐTV",(I5/26)*$O5*0.85,($I5/26)*$O5) -> 2000000 | X5: =(J5/26)*$O5 -> 2000000 | Y5: =(K5/26)*$O5 -> 1000000 | Z5: =(L5/26)*$O5 -> 2600000 | AA5: =IF($D5="HĐTV",M5/26*O5,(M5)) -> 400000 | AB5: =VLOOKUP($B5,'Bảng thông tin'!$B:$R,15,0)+VLOOKUP(B5,'Bảng thông tin'!$B:$Q,16,0) -> 0 | AC5: =+SUM(V5:AB5)+Q5+S5+U5 -> 20000000 | AD5: =X5 -> 2000000 | AE5: =IF($D5="HĐTV",0,Z5) -> 2600000 | AF5: =IF($D5="HĐTV",0,IF(AA5<=(5000000/12),AA5,AA5-(AA5-(5000000/12)))) -> 400000 | AG5: =+S5+U5 -> 0 | AH5: =+SUM(AD5:AG5) -> 5000000 | AI5: =IFERROR(IF($O5<14,0,$G5*17%),0) -> 2380000 | AJ5: =IFERROR(IF($O5<14,0,$G5*3%),0) -> 420000 | AK5: =IFERROR(IF($O5<14,0,$G5*1%),0) -> 140000 | AL5: =IFERROR(IF($O5<14,0,$G5*0.5%),0) -> 70000 | AM5: =IFERROR(SUM(AI5:AL5),0) -> 3010000 | AN5: =IFERROR($G5*2%,0) -> 280000 | AO5: =IFERROR(IF($O5<14,0,$G5*8%),0) -> 1120000 | AP5: =IFERROR(IF($O5<14,0,$G5*1.5%),0) -> 210000 | AQ5: =IFERROR(IF($O5<14,0,$G5*1%),0) -> 140000 | AR5: =SUM(AO5:AQ5) -> 1470000 | AS5: =+SUM($G$4)*0% -> 0 | AT5: =IF($D5="HĐTV",0,15500000) -> 15500000 | AV5: =+AU5*6200000 -> 0 | AW5: =+AT5+AV5 -> 15500000 | AX5: =ROUND(AC5-AH5,0) -> 15000000 | AY5: =IF(AX5-AW5-AR5-AS5<0,0,AX5-AW5-AR5-AS5) -> 0 | AZ5: =IF(D5="HĐLĐ",IF(AY5<=10000000,AY5*5%,IF(AY5<=30000000,AY5*10%-500000,IF(AY5<=60000000,AY5*20%-3500000,IF(AY5<=100000000,AY5*30%-9500000,AY5*35%-14500000)))),AY5*10%) -> 0 | BA5: =+VLOOKUP($B5,'Bảng thông tin'!$B:$R,16,0) -> 0 | BB5: =ROUND(AC5-AZ5-AR5-AS5-BA5,0) -> 18530000
A6: 3 | B6: NV003 | C6: =+VLOOKUP($B6,'Bảng thông tin'!$B$4:$R$1002,2,0) -> Nguyễn Diệu Quý Chi | D6: =+VLOOKUP($B6,'Bảng thông tin'!$B$4:$R$1002,3,0) -> HĐLĐ | E6: Trưởng phòng | F6: Kinh doanh | G6: =+VLOOKUP($B6,'Bảng thông tin'!$B$4:$R$1002,7,0) -> 8500000 | H6: =+VLOOKUP($B6,'Bảng thông tin'!$B$4:$R$1002,8,0) -> 7500000 | I6: =+VLOOKUP($B6,'Bảng thông tin'!$B$4:$R$1002,9,0) -> 1000000 | J6: =+VLOOKUP($B6,'Bảng thông tin'!$B$4:$R$1002,10,0) -> 1800000 | K6: =+VLOOKUP($B6,'Bảng thông tin'!$B$4:$R$1002,11,0) -> 500000 | L6: =+VLOOKUP($B6,'Bảng thông tin'!$B$4:$R$1002,12,0) -> 400000 | M6: =+VLOOKUP($B6,'Bảng thông tin'!$B$4:$R$1002,13,0) -> 400000 | N6: =+VLOOKUP($B6,'Bảng thông tin'!$B$4:$R$1002,14,0) -> 11600000 | O6: =VLOOKUP($B6,BCC!$B$11:$AN$1032,35,0) -> 26 | P6: =VLOOKUP($B6,BCC!$B$11:$AN$1032,38,0)+VLOOKUP($B6,BCC!$B$11:$AN$1032,39,0) -> 0 | Q6: =+((H6+I6)/26)*P6 -> 0 | R6: =VLOOKUP($B6,BCC!$B$11:$AN$1032,36,0) -> 0 | S6: =ROUND(((H6+I6)/26)/8*R6*1.5,0) -> 0 | T6: =VLOOKUP($B6,BCC!$B$11:$AN$1032,37,0) -> 0 | U6: =ROUND(((H6+I6)/26)/8*T6*2,0) -> 0 | V6: =IF($D6="HĐTV",(H6/26)*$O6*0.85,(H6/26)*$O6) -> 7500000 | W6: =IF($D6="HĐTV",(I6/26)*$O6*0.85,($I6/26)*$O6) -> 1000000 | X6: =(J6/26)*$O6 -> 1800000 | Y6: =(K6/26)*$O6 -> 500000 | Z6: =(L6/26)*$O6 -> 400000 | AA6: =IF($D6="HĐTV",M6/26*O6,(M6)) -> 400000 | AB6: =VLOOKUP($B6,'Bảng thông tin'!$B:$R,15,0)+VLOOKUP(B6,'Bảng thông tin'!$B:$Q,16,0) -> 0 | AC6: =+SUM(V6:AB6)+Q6+S6+U6 -> 11600000 | AD6: =X6 -> 1800000 | AE6: =IF($D6="HĐTV",0,Z6) -> 400000 | AF6: =IF($D6="HĐTV",0,IF(AA6<=(5000000/12),AA6,AA6-(AA6-(5000000/12)))) -> 400000 | AG6: =+S6+U6 -> 0 | AH6: =+SUM(AD6:AG6) -> 2600000 | AI6: =IFERROR(IF($O6<14,0,$G6*17%),0) -> 1445000 | AJ6: =IFERROR(IF($O6<14,0,$G6*3%),0) -> 255000 | AK6: =IFERROR(IF($O6<14,0,$G6*1%),0) -> 85000 | AL6: =IFERROR(IF($O6<14,0,$G6*0.5%),0) -> 42500 | AM6: =IFERROR(SUM(AI6:AL6),0) -> 1827500 | AN6: =IFERROR($G6*2%,0) -> 170000 | AO6: =IFERROR(IF($O6<14,0,$G6*8%),0) -> 680000 | AP6: =IFERROR(IF($O6<14,0,$G6*1.5%),0) -> 127500 | AQ6: =IFERROR(IF($O6<14,0,$G6*1%),0) -> 85000 | AR6: =SUM(AO6:AQ6) -> 892500 | AS6: =+SUM($G$4)*0% -> 0 | AT6: =IF($D6="HĐTV",0,15500000) -> 15500000 | AV6: =+AU6*6200000 -> 0 | AW6: =+AT6+AV6 -> 15500000 | AX6: =ROUND(AC6-AH6,0) -> 9000000 | AY6: =IF(AX6-AW6-AR6-AS6<0,0,AX6-AW6-AR6-AS6) -> 0 | AZ6: =IF(D6="HĐLĐ",IF(AY6<=10000000,AY6*5%,IF(AY6<=30000000,AY6*10%-500000,IF(AY6<=60000000,AY6*20%-3500000,IF(AY6<=100000000,AY6*30%-9500000,AY6*35%-14500000)))),AY6*10%) -> 0 | BA6: =+VLOOKUP($B6,'Bảng thông tin'!$B:$R,16,0) -> 0 | BB6: =ROUND(AC6-AZ6-AR6-AS6-BA6,0) -> 10707500
A7: 4 | B7: NV004 | C7: =+VLOOKUP($B7,'Bảng thông tin'!$B$4:$R$1002,2,0) -> Phạm Đăng Anh Thảo | D7: =+VLOOKUP($B7,'Bảng thông tin'!$B$4:$R$1002,3,0) -> HĐLĐ | E7: Phó phòng | F7: Kinh doanh | G7: =+VLOOKUP($B7,'Bảng thông tin'!$B$4:$R$1002,7,0) -> 8000000 | H7: =+VLOOKUP($B7,'Bảng thông tin'!$B$4:$R$1002,8,0) -> 7000000 | I7: =+VLOOKUP($B7,'Bảng thông tin'!$B$4:$R$1002,9,0) -> 1000000 | J7: =+VLOOKUP($B7,'Bảng thông tin'!$B$4:$R$1002,10,0) -> 1300000 | K7: =+VLOOKUP($B7,'Bảng thông tin'!$B$4:$R$1002,11,0) -> 500000 | L7: =+VLOOKUP($B7,'Bảng thông tin'!$B$4:$R$1002,12,0) -> 400000 | M7: =+VLOOKUP($B7,'Bảng thông tin'!$B$4:$R$1002,13,0) -> 400000 | N7: =+VLOOKUP($B7,'Bảng thông tin'!$B$4:$R$1002,14,0) -> 10600000 | O7: =VLOOKUP($B7,BCC!$B$11:$AN$1032,35,0) -> 25 | P7: =VLOOKUP($B7,BCC!$B$11:$AN$1032,38,0)+VLOOKUP($B7,BCC!$B$11:$AN$1032,39,0) -> 1 | Q7: =+((H7+I7)/26)*P7 -> 307692.31 | R7: =VLOOKUP($B7,BCC!$B$11:$AN$1032,36,0) -> 0 | S7: =ROUND(((H7+I7)/26)/8*R7*1.5,0) -> 0 | T7: =VLOOKUP($B7,BCC!$B$11:$AN$1032,37,0) -> 0 | U7: =ROUND(((H7+I7)/26)/8*T7*2,0) -> 0 | V7: =IF($D7="HĐTV",(H7/26)*$O7*0.85,(H7/26)*$O7) -> 6730769.2 | W7: =IF($D7="HĐTV",(I7/26)*$O7*0.85,($I7/26)*$O7) -> 961538.46 | X7: =(J7/26)*$O7 -> 1250000 | Y7: =(K7/26)*$O7 -> 480769.23 | Z7: =(L7/26)*$O7 -> 384615.38 | AA7: =IF($D7="HĐTV",M7/26*O7,(M7)) -> 400000 | AB7: =VLOOKUP($B7,'Bảng thông tin'!$B:$R,15,0)+VLOOKUP(B7,'Bảng thông tin'!$B:$Q,16,0) -> 0 | AC7: =+SUM(V7:AB7)+Q7+S7+U7 -> 10515385 | AD7: =X7 -> 1250000 | AE7: =IF($D7="HĐTV",0,Z7) -> 384615.38 | AF7: =IF($D7="HĐTV",0,IF(AA7<=(5000000/12),AA7,AA7-(AA7-(5000000/12)))) -> 400000 | AG7: =+S7+U7 -> 0 | AH7: =+SUM(AD7:AG7) -> 2034615.4 | AI7: =IFERROR(IF($O7<14,0,$G7*17%),0) -> 1360000 | AJ7: =IFERROR(IF($O7<14,0,$G7*3%),0) -> 240000 | AK7: =IFERROR(IF($O7<14,0,$G7*1%),0) -> 80000 | AL7: =IFERROR(IF($O7<14,0,$G7*0.5%),0) -> 40000 | AM7: =IFERROR(SUM(AI7:AL7),0) -> 1720000 | AN7: =IFERROR($G7*2%,0) -> 160000 | AO7: =IFERROR(IF($O7<14,0,$G7*8%),0) -> 640000 | AP7: =IFERROR(IF($O7<14,0,$G7*1.5%),0) -> 120000 | AQ7: =IFERROR(IF($O7<14,0,$G7*1%),0) -> 80000 | AR7: =SUM(AO7:AQ7) -> 840000 | AS7: =+SUM($G$4)*0% -> 0 | AT7: =IF($D7="HĐTV",0,15500000) -> 15500000 | AV7: =+AU7*6200000 -> 0 | AW7: =+AT7+AV7 -> 15500000 | AX7: =ROUND(AC7-AH7,0) -> 8480769 | AY7: =IF(AX7-AW7-AR7-AS7<0,0,AX7-AW7-AR7-AS7) -> 0 | AZ7: =IF(D7="HĐLĐ",IF(AY7<=10000000,AY7*5%,IF(AY7<=30000000,AY7*10%-500000,IF(AY7<=60000000,AY7*20%-3500000,IF(AY7<=100000000,AY7*30%-9500000,AY7*35%-14500000)))),AY7*10%) -> 0 | BA7: =+VLOOKUP($B7,'Bảng thông tin'!$B:$R,16,0) -> 0 | BB7: =ROUND(AC7-AZ7-AR7-AS7-BA7,0) -> 9675385
A8: 5 | B8: NV011 | C8: =+VLOOKUP($B8,'Bảng thông tin'!$B$4:$R$1002,2,0) -> Nguyễn Thành Long | D8: =+VLOOKUP($B8,'Bảng thông tin'!$B$4:$R$1002,3,0) -> HĐLĐ | E8: Nhân viên | F8: Kinh doanh | G8: =+VLOOKUP($B8,'Bảng thông tin'!$B$4:$R$1002,7,0) -> 7000000 | H8: =+VLOOKUP($B8,'Bảng thông tin'!$B$4:$R$1002,8,0) -> 6500000 | I8: =+VLOOKUP($B8,'Bảng thông tin'!$B$4:$R$1002,9,0) -> 500000 | J8: =+VLOOKUP($B8,'Bảng thông tin'!$B$4:$R$1002,10,0) -> 1000000 | K8: =+VLOOKUP($B8,'Bảng thông tin'!$B$4:$R$1002,11,0) -> 500000 | L8: =+VLOOKUP($B8,'Bảng thông tin'!$B$4:$R$1002,12,0) -> 300000 | M8: =+VLOOKUP($B8,'Bảng thông tin'!$B$4:$R$1002,13,0) -> 400000 | N8: =+VLOOKUP($B8,'Bảng thông tin'!$B$4:$R$1002,14,0) -> 9200000 | O8: =VLOOKUP($B8,BCC!$B$11:$AN$1032,35,0) -> 26 | P8: =VLOOKUP($B8,BCC!$B$11:$AN$1032,38,0)+VLOOKUP($B8,BCC!$B$11:$AN$1032,39,0) -> 0 | Q8: =+((H8+I8)/26)*P8 -> 0 | R8: =VLOOKUP($B8,BCC!$B$11:$AN$1032,36,0) -> 8 | S8: =ROUND(((H8+I8)/26)/8*R8*1.5,0) -> 403846 | T8: =VLOOKUP($B8,BCC!$B$11:$AN$1032,37,0) -> 16 | U8: =ROUND(((H8+I8)/26)/8*T8*2,0) -> 1076923 | V8: =IF($D8="HĐTV",(H8/26)*$O8*0.85,(H8/26)*$O8) -> 6500000 | W8: =IF($D8="HĐTV",(I8/26)*$O8*0.85,($I8/26)*$O8) -> 500000 | X8: =(J8/26)*$O8 -> 1000000 | Y8: =(K8/26)*$O8 -> 500000 | Z8: =(L8/26)*$O8 -> 300000 | AA8: =IF($D8="HĐTV",M8/26*O8,(M8)) -> 400000 | AB8: =VLOOKUP($B8,'Bảng thông tin'!$B:$R,15,0)+VLOOKUP(B8,'Bảng thông tin'!$B:$Q,16,0) -> 0 | AC8: =+SUM(V8:AB8)+Q8+S8+U8 -> 10680769 | AD8: =X8 -> 1000000 | AE8: =IF($D8="HĐTV",0,Z8) -> 300000 | AF8: =IF($D8="HĐTV",0,IF(AA8<=(5000000/12),AA8,AA8-(AA8-(5000000/12)))) -> 400000 | AG8: =+S8+U8 -> 1480769 | AH8: =+SUM(AD8:AG8) -> 3180769 | AI8: =IFERROR(IF($O8<14,0,$G8*17%),0) -> 1190000 | AJ8: =IFERROR(IF($O8<14,0,$G8*3%),0) -> 210000 | AK8: =IFERROR(IF($O8<14,0,$G8*1%),0) -> 70000 | AL8: =IFERROR(IF($O8<14,0,$G8*0.5%),0) -> 35000 | AM8: =IFERROR(SUM(AI8:AL8),0) -> 1505000 | AN8: =IFERROR($G8*2%,0) -> 140000 | AO8: =IFERROR(IF($O8<14,0,$G8*8%),0) -> 560000 | AP8: =IFERROR(IF($O8<14,0,$G8*1.5%),0) -> 105000 | AQ8: =IFERROR(IF($O8<14,0,$G8*1%),0) -> 70000 | AR8: =SUM(AO8:AQ8) -> 735000 | AS8: =+SUM($G$4)*0% -> 0 | AT8: =IF($D8="HĐTV",0,15500000) -> 15500000 | AV8: =+AU8*6200000 -> 0 | AW8: =+AT8+AV8 -> 15500000 | AX8: =ROUND(AC8-AH8,0) -> 7500000 | AY8: =IF(AX8-AW8-AR8-AS8<0,0,AX8-AW8-AR8-AS8) -> 0 | AZ8: =IF(D8="HĐLĐ",IF(AY8<=10000000,AY8*5%,IF(AY8<=30000000,AY8*10%-500000,IF(AY8<=60000000,AY8*20%-3500000,IF(AY8<=100000000,AY8*30%-9500000,AY8*35%-14500000)))),AY8*10%) -> 0 | BA8: =+VLOOKUP($B8,'Bảng thông tin'!$B:$R,16,0) -> 0 | BB8: =ROUND(AC8-AZ8-AR8-AS8-BA8,0) -> 9945769
A9: 6 | B9: NV012 | C9: =+VLOOKUP($B9,'Bảng thông tin'!$B$4:$R$1002,2,0) -> Nguyễn Thị Đài Trang | D9: =+VLOOKUP($B9,'Bảng thông tin'!$B$4:$R$1002,3,0) -> HĐLĐ | E9: Nhân viên | F9: Kinh doanh | G9: =+VLOOKUP($B9,'Bảng thông tin'!$B$4:$R$1002,7,0) -> 7000000 | H9: =+VLOOKUP($B9,'Bảng thông tin'!$B$4:$R$1002,8,0) -> 6500000 | I9: =+VLOOKUP($B9,'Bảng thông tin'!$B$4:$R$1002,9,0) -> 500000 | J9: =+VLOOKUP($B9,'Bảng thông tin'!$B$4:$R$1002,10,0) -> 1000000 | K9: =+VLOOKUP($B9,'Bảng thông tin'!$B$4:$R$1002,11,0) -> 500000 | L9: =+VLOOKUP($B9,'Bảng thông tin'!$B$4:$R$1002,12,0) -> 300000 | M9: =+VLOOKUP($B9,'Bảng thông tin'!$B$4:$R$1002,13,0) -> 400000 | N9: =+VLOOKUP($B9,'Bảng thông tin'!$B$4:$R$1002,14,0) -> 9200000 | O9: =VLOOKUP($B9,BCC!$B$11:$AN$1032,35,0) -> 26 | P9: =VLOOKUP($B9,BCC!$B$11:$AN$1032,38,0)+VLOOKUP($B9,BCC!$B$11:$AN$1032,39,0) -> 0 | Q9: =+((H9+I9)/26)*P9 -> 0 | R9: =VLOOKUP($B9,BCC!$B$11:$AN$1032,36,0) -> 25.95 | S9: =ROUND(((H9+I9)/26)/8*R9*1.5,0) -> 1309976 | T9: =VLOOKUP($B9,BCC!$B$11:$AN$1032,37,0) -> 8 | U9: =ROUND(((H9+I9)/26)/8*T9*2,0) -> 538462 | V9: =IF($D9="HĐTV",(H9/26)*$O9*0.85,(H9/26)*$O9) -> 6500000 | W9: =IF($D9="HĐTV",(I9/26)*$O9*0.85,($I9/26)*$O9) -> 500000 | X9: =(J9/26)*$O9 -> 1000000 | Y9: =(K9/26)*$O9 -> 500000 | Z9: =(L9/26)*$O9 -> 300000 | AA9: =IF($D9="HĐTV",M9/26*O9,(M9)) -> 400000 | AB9: =VLOOKUP($B9,'Bảng thông tin'!$B:$R,15,0)+VLOOKUP(B9,'Bảng thông tin'!$B:$Q,16,0) -> 0 | AC9: =+SUM(V9:AB9)+Q9+S9+U9 -> 11048438 | AD9: =X9 -> 1000000 | AE9: =IF($D9="HĐTV",0,Z9) -> 300000 | AF9: =IF($D9="HĐTV",0,IF(AA9<=(5000000/12),AA9,AA9-(AA9-(5000000/12)))) -> 400000 | AG9: =+S9+U9 -> 1848438 | AH9: =+SUM(AD9:AG9) -> 3548438 | AI9: =IFERROR(IF($O9<14,0,$G9*17%),0) -> 1190000 | AJ9: =IFERROR(IF($O9<14,0,$G9*3%),0) -> 210000 | AK9: =IFERROR(IF($O9<14,0,$G9*1%),0) -> 70000 | AL9: =IFERROR(IF($O9<14,0,$G9*0.5%),0) -> 35000 | AM9: =IFERROR(SUM(AI9:AL9),0) -> 1505000 | AN9: =IFERROR($G9*2%,0) -> 140000 | AO9: =IFERROR(IF($O9<14,0,$G9*8%),0) -> 560000 | AP9: =IFERROR(IF($O9<14,0,$G9*1.5%),0) -> 105000 | AQ9: =IFERROR(IF($O9<14,0,$G9*1%),0) -> 70000 | AR9: =SUM(AO9:AQ9) -> 735000 | AS9: =+SUM($G$4)*0% -> 0 | AT9: =IF($D9="HĐTV",0,15500000) -> 15500000 | AV9: =+AU9*6200000 -> 0 | AW9: =+AT9+AV9 -> 15500000 | AX9: =ROUND(AC9-AH9,0) -> 7500000 | AY9: =IF(AX9-AW9-AR9-AS9<0,0,AX9-AW9-AR9-AS9) -> 0 | AZ9: =IF(D9="HĐLĐ",IF(AY9<=10000000,AY9*5%,IF(AY9<=30000000,AY9*10%-500000,IF(AY9<=60000000,AY9*20%-3500000,IF(AY9<=100000000,AY9*30%-9500000,AY9*35%-14500000)))),AY9*10%) -> 0 | BA9: =+VLOOKUP($B9,'Bảng thông tin'!$B:$R,16,0) -> 0 | BB9: =ROUND(AC9-AZ9-AR9-AS9-BA9,0) -> 10313438
A10: 7 | B10: NV027 | C10: =+VLOOKUP($B10,'Bảng thông tin'!$B$4:$R$1002,2,0) -> Lê Thị Hiếu | D10: =+VLOOKUP($B10,'Bảng thông tin'!$B$4:$R$1002,3,0) -> HĐLĐ | E10: Nhân viên | F10: Kinh doanh | G10: =+VLOOKUP($B10,'Bảng thông tin'!$B$4:$R$1002,7,0) -> 7000000 | H10: =+VLOOKUP($B10,'Bảng thông tin'!$B$4:$R$1002,8,0) -> 6500000 | I10: =+VLOOKUP($B10,'Bảng thông tin'!$B$4:$R$1002,9,0) -> 500000 | J10: =+VLOOKUP($B10,'Bảng thông tin'!$B$4:$R$1002,10,0) -> 1000000 | K10: =+VLOOKUP($B10,'Bảng thông tin'!$B$4:$R$1002,11,0) -> 500000 | L10: =+VLOOKUP($B10,'Bảng thông tin'!$B$4:$R$1002,12,0) -> 300000 | M10: =+VLOOKUP($B10,'Bảng thông tin'!$B$4:$R$1002,13,0) -> 400000 | N10: =+VLOOKUP($B10,'Bảng thông tin'!$B$4:$R$1002,14,0) -> 9200000 | O10: =VLOOKUP($B10,BCC!$B$11:$AN$1032,35,0) -> 26 | P10: =VLOOKUP($B10,BCC!$B$11:$AN$1032,38,0)+VLOOKUP($B10,BCC!$B$11:$AN$1032,39,0) -> 0 | Q10: =+((H10+I10)/26)*P10 -> 0 | R10: =VLOOKUP($B10,BCC!$B$11:$AN$1032,36,0) -> 8.25 | S10: =ROUND(((H10+I10)/26)/8*R10*1.5,0) -> 416466 | T10: =VLOOKUP($B10,BCC!$B$11:$AN$1032,37,0) -> 16.58 | U10: =ROUND(((H10+I10)/26)/8*T10*2,0) -> 1115962 | V10: =IF($D10="HĐTV",(H10/26)*$O10*0.85,(H10/26)*$O10) -> 6500000 | W10: =IF($D10="HĐTV",(I10/26)*$O10*0.85,($I10/26)*$O10) -> 500000 | X10: =(J10/26)*$O10 -> 1000000 | Y10: =(K10/26)*$O10 -> 500000 | Z10: =(L10/26)*$O10 -> 300000 | AA10: =IF($D10="HĐTV",M10/26*O10,(M10)) -> 400000 | AB10: =VLOOKUP($B10,'Bảng thông tin'!$B:$R,15,0)+VLOOKUP(B10,'Bảng thông tin'!$B:$Q,16,0) -> 0 | AC10: =+SUM(V10:AB10)+Q10+S10+U10 -> 10732428 | AD10: =X10 -> 1000000 | AE10: =IF($D10="HĐTV",0,Z10) -> 300000 | AF10: =IF($D10="HĐTV",0,IF(AA10<=(5000000/12),AA10,AA10-(AA10-(5000000/12)))) -> 400000 | AG10: =+S10+U10 -> 1532428 | AH10: =+SUM(AD10:AG10) -> 3232428 | AI10: =IFERROR(IF($O10<14,0,$G10*17%),0) -> 1190000 | AJ10: =IFERROR(IF($O10<14,0,$G10*3%),0) -> 210000 | AK10: =IFERROR(IF($O10<14,0,$G10*1%),0) -> 70000 | AL10: =IFERROR(IF($O10<14,0,$G10*0.5%),0) -> 35000 | AM10: =IFERROR(SUM(AI10:AL10),0) -> 1505000 | AN10: =IFERROR($G10*2%,0) -> 140000 | AO10: =IFERROR(IF($O10<14,0,$G10*8%),0) -> 560000 | AP10: =IFERROR(IF($O10<14,0,$G10*1.5%),0) -> 105000 | AQ10: =IFERROR(IF($O10<14,0,$G10*1%),0) -> 70000 | AR10: =SUM(AO10:AQ10) -> 735000 | AS10: =+SUM($G$4)*0% -> 0 | AT10: =IF($D10="HĐTV",0,15500000) -> 15500000 | AV10: =+AU10*6200000 -> 0 | AW10: =+AT10+AV10 -> 15500000 | AX10: =ROUND(AC10-AH10,0) -> 7500000 | AY10: =IF(AX10-AW10-AR10-AS10<0,0,AX10-AW10-AR10-AS10) -> 0 | AZ10: =IF(D10="HĐLĐ",IF(AY10<=10000000,AY10*5%,IF(AY10<=30000000,AY10*10%-500000,IF(AY10<=60000000,AY10*20%-3500000,IF(AY10<=100000000,AY10*30%-9500000,AY10*35%-14500000)))),AY10*10%) -> 0 | BA10: =+VLOOKUP($B10,'Bảng thông tin'!$B:$R,16,0) -> 0 | BB10: =ROUND(AC10-AZ10-AR10-AS10-BA10,0) -> 9997428
A11: 8 | B11: NV030 | C11: =+VLOOKUP($B11,'Bảng thông tin'!$B$4:$R$1002,2,0) -> Vương Thị Ngọc Như | D11: =+VLOOKUP($B11,'Bảng thông tin'!$B$4:$R$1002,3,0) -> HĐLĐ | E11: Nhân viên tư vấn | F11: Kinh doanh | G11: =+VLOOKUP($B11,'Bảng thông tin'!$B$4:$R$1002,7,0) -> 6000000 | H11: =+VLOOKUP($B11,'Bảng thông tin'!$B$4:$R$1002,8,0) -> 5500000 | I11: =+VLOOKUP($B11,'Bảng thông tin'!$B$4:$R$1002,9,0) -> 500000 | J11: =+VLOOKUP($B11,'Bảng thông tin'!$B$4:$R$1002,10,0) -> 1000000 | K11: =+VLOOKUP($B11,'Bảng thông tin'!$B$4:$R$1002,11,0) -> 0 | L11: =+VLOOKUP($B11,'Bảng thông tin'!$B$4:$R$1002,12,0) -> 200000 | M11: =+VLOOKUP($B11,'Bảng thông tin'!$B$4:$R$1002,13,0) -> 300000 | N11: =+VLOOKUP($B11,'Bảng thông tin'!$B$4:$R$1002,14,0) -> 7500000 | O11: =VLOOKUP($B11,BCC!$B$11:$AN$1032,35,0) -> 26 | P11: =VLOOKUP($B11,BCC!$B$11:$AN$1032,38,0)+VLOOKUP($B11,BCC!$B$11:$AN$1032,39,0) -> 2 | Q11: =+((H11+I11)/26)*P11 -> 461538.46 | R11: =VLOOKUP($B11,BCC!$B$11:$AN$1032,36,0) -> 38.83 | S11: =ROUND(((H11+I11)/26)/8*R11*1.5,0) -> 1680144 | T11: =VLOOKUP($B11,BCC!$B$11:$AN$1032,37,0) -> 0 | U11: =ROUND(((H11+I11)/26)/8*T11*2,0) -> 0 | V11: =IF($D11="HĐTV",(H11/26)*$O11*0.85,(H11/26)*$O11) -> 5500000 | W11: =IF($D11="HĐTV",(I11/26)*$O11*0.85,($I11/26)*$O11) -> 500000 | X11: =(J11/26)*$O11 -> 1000000 | Y11: =(K11/26)*$O11 -> 0 | Z11: =(L11/26)*$O11 -> 200000 | AA11: =IF($D11="HĐTV",M11/26*O11,(M11)) -> 300000 | AB11: =VLOOKUP($B11,'Bảng thông tin'!$B:$R,15,0)+VLOOKUP(B11,'Bảng thông tin'!$B:$Q,16,0) -> 0 | AC11: =+SUM(V11:AB11)+Q11+S11+U11 -> 9641682.5 | AD11: =X11 -> 1000000 | AE11: =IF($D11="HĐTV",0,Z11) -> 200000 | AF11: =IF($D11="HĐTV",0,IF(AA11<=(5000000/12),AA11,AA11-(AA11-(5000000/12)))) -> 300000 | AG11: =+S11+U11 -> 1680144 | AH11: =+SUM(AD11:AG11) -> 3180144 | AI11: =IFERROR(IF($O11<14,0,$G11*17%),0) -> 1020000 | AJ11: =IFERROR(IF($O11<14,0,$G11*3%),0) -> 180000 | AK11: =IFERROR(IF($O11<14,0,$G11*1%),0) -> 60000 | AL11: =IFERROR(IF($O11<14,0,$G11*0.5%),0) -> 30000 | AM11: =IFERROR(SUM(AI11:AL11),0) -> 1290000 | AN11: =IFERROR($G11*2%,0) -> 120000 | AO11: =IFERROR(IF($O11<14,0,$G11*8%),0) -> 480000 | AP11: =IFERROR(IF($O11<14,0,$G11*1.5%),0) -> 90000 | AQ11: =IFERROR(IF($O11<14,0,$G11*1%),0) -> 60000 | AR11: =SUM(AO11:AQ11) -> 630000 | AS11: =+SUM($G$4)*0% -> 0 | AT11: =IF($D11="HĐTV",0,15500000) -> 15500000 | AV11: =+AU11*6200000 -> 0 | AW11: =+AT11+AV11 -> 15500000 | AX11: =ROUND(AC11-AH11,0) -> 6461538 | AY11: =IF(AX11-AW11-AR11-AS11<0,0,AX11-AW11-AR11-AS11) -> 0 | AZ11: =IF(D11="HĐLĐ",IF(AY11<=10000000,AY11*5%,IF(AY11<=30000000,AY11*10%-500000,IF(AY11<=60000000,AY11*20%-3500000,IF(AY11<=100000000,AY11*30%-9500000,AY11*35%-14500000)))),AY11*10%) -> 0 | BA11: =+VLOOKUP($B11,'Bảng thông tin'!$B:$R,16,0) -> 0 | BB11: =ROUND(AC11-AZ11-AR11-AS11-BA11,0) -> 9011682
A12: 9 | B12: NV001 | C12: =+VLOOKUP($B12,'Bảng thông tin'!$B$4:$R$1002,2,0) -> Nguyễn Thị Châu Loan | D12: =+VLOOKUP($B12,'Bảng thông tin'!$B$4:$R$1002,3,0) -> HĐLĐ | E12: Trưởng phòng | F12: Logistic | G12: =+VLOOKUP($B12,'Bảng thông tin'!$B$4:$R$1002,7,0) -> 8500000 | H12: =+VLOOKUP($B12,'Bảng thông tin'!$B$4:$R$1002,8,0) -> 7500000 | I12: =+VLOOKUP($B12,'Bảng thông tin'!$B$4:$R$1002,9,0) -> 1000000 | J12: =+VLOOKUP($B12,'Bảng thông tin'!$B$4:$R$1002,10,0) -> 1800000 | K12: =+VLOOKUP($B12,'Bảng thông tin'!$B$4:$R$1002,11,0) -> 500000 | L12: =+VLOOKUP($B12,'Bảng thông tin'!$B$4:$R$1002,12,0) -> 400000 | M12: =+VLOOKUP($B12,'Bảng thông tin'!$B$4:$R$1002,13,0) -> 400000 | N12: =+VLOOKUP($B12,'Bảng thông tin'!$B$4:$R$1002,14,0) -> 11600000 | O12: =VLOOKUP($B12,BCC!$B$11:$AN$1032,35,0) -> 24 | P12: =VLOOKUP($B12,BCC!$B$11:$AN$1032,38,0)+VLOOKUP($B12,BCC!$B$11:$AN$1032,39,0) -> 2 | Q12: =+((H12+I12)/26)*P12 -> 653846.15 | R12: =VLOOKUP($B12,BCC!$B$11:$AN$1032,36,0) -> 0 | S12: =ROUND(((H12+I12)/26)/8*R12*1.5,0) -> 0 | T12: =VLOOKUP($B12,BCC!$B$11:$AN$1032,37,0) -> 0 | U12: =ROUND(((H12+I12)/26)/8*T12*2,0) -> 0 | V12: =IF($D12="HĐTV",(H12/26)*$O12*0.85,(H12/26)*$O12) -> 6923076.9 | W12: =IF($D12="HĐTV",(I12/26)*$O12*0.85,($I12/26)*$O12) -> 923076.92 | X12: =(J12/26)*$O12 -> 1661538.5 | Y12: =(K12/26)*$O12 -> 461538.46 | Z12: =(L12/26)*$O12 -> 369230.77 | AA12: =IF($D12="HĐTV",M12/26*O12,(M12)) -> 400000 | AB12: =VLOOKUP($B12,'Bảng thông tin'!$B:$R,15,0)+VLOOKUP(B12,'Bảng thông tin'!$B:$Q,16,0) -> 0 | AC12: =+SUM(V12:AB12)+Q12+S12+U12 -> 11392308 | AD12: =X12 -> 1661538.5 | AE12: =IF($D12="HĐTV",0,Z12) -> 369230.77 | AF12: =IF($D12="HĐTV",0,IF(AA12<=(5000000/12),AA12,AA12-(AA12-(5000000/12)))) -> 400000 | AG12: =+S12+U12 -> 0 | AH12: =+SUM(AD12:AG12) -> 2430769.2 | AI12: =IFERROR(IF($O12<14,0,$G12*17%),0) -> 1445000 | AJ12: =IFERROR(IF($O12<14,0,$G12*3%),0) -> 255000 | AK12: =IFERROR(IF($O12<14,0,$G12*1%),0) -> 85000 | AL12: =IFERROR(IF($O12<14,0,$G12*0.5%),0) -> 42500 | AM12: =IFERROR(SUM(AI12:AL12),0) -> 1827500 | AN12: =IFERROR($G12*2%,0) -> 170000 | AO12: =IFERROR(IF($O12<14,0,$G12*8%),0) -> 680000 | AP12: =IFERROR(IF($O12<14,0,$G12*1.5%),0) -> 127500 | AQ12: =IFERROR(IF($O12<14,0,$G12*1%),0) -> 85000 | AR12: =SUM(AO12:AQ12) -> 892500 | AS12: =+SUM($G$4)*0% -> 0 | AT12: =IF($D12="HĐTV",0,15500000) -> 15500000 | AV12: =+AU12*6200000 -> 0 | AW12: =+AT12+AV12 -> 15500000 | AX12: =ROUND(AC12-AH12,0) -> 8961538 | AY12: =IF(AX12-AW12-AR12-AS12<0,0,AX12-AW12-AR12-AS12) -> 0 | AZ12: =IF(D12="HĐLĐ",IF(AY12<=10000000,AY12*5%,IF(AY12<=30000000,AY12*10%-500000,IF(AY12<=60000000,AY12*20%-3500000,IF(AY12<=100000000,AY12*30%-9500000,AY12*35%-14500000)))),AY12*10%) -> 0 | BA12: =+VLOOKUP($B12,'Bảng thông tin'!$B:$R,16,0) -> 0 | BB12: =ROUND(AC12-AZ12-AR12-AS12-BA12,0) -> 10499808
A13: 10 | B13: NV005 | C13: =+VLOOKUP($B13,'Bảng thông tin'!$B$4:$R$1002,2,0) -> Nguyễn Văn Thái | D13: =+VLOOKUP($B13,'Bảng thông tin'!$B$4:$R$1002,3,0) -> HĐLĐ | E13: Phó phòng | F13: Logistic | G13: =+VLOOKUP($B13,'Bảng thông tin'!$B$4:$R$1002,7,0) -> 8000000 | H13: =+VLOOKUP($B13,'Bảng thông tin'!$B$4:$R$1002,8,0) -> 7000000 | I13: =+VLOOKUP($B13,'Bảng thông tin'!$B$4:$R$1002,9,0) -> 1000000 | J13: =+VLOOKUP($B13,'Bảng thông tin'!$B$4:$R$1002,10,0) -> 1300000 | K13: =+VLOOKUP($B13,'Bảng thông tin'!$B$4:$R$1002,11,0) -> 500000 | L13: =+VLOOKUP($B13,'Bảng thông tin'!$B$4:$R$1002,12,0) -> 400000 | M13: =+VLOOKUP($B13,'Bảng thông tin'!$B$4:$R$1002,13,0) -> 400000 | N13: =+VLOOKUP($B13,'Bảng thông tin'!$B$4:$R$1002,14,0) -> 10600000 | O13: =VLOOKUP($B13,BCC!$B$11:$AN$1032,35,0) -> 24 | P13: =VLOOKUP($B13,BCC!$B$11:$AN$1032,38,0)+VLOOKUP($B13,BCC!$B$11:$AN$1032,39,0) -> 2 | Q13: =+((H13+I13)/26)*P13 -> 615384.62 | R13: =VLOOKUP($B13,BCC!$B$11:$AN$1032,36,0) -> 0 | S13: =ROUND(((H13+I13)/26)/8*R13*1.5,0) -> 0 | T13: =VLOOKUP($B13,BCC!$B$11:$AN$1032,37,0) -> 8 | U13: =ROUND(((H13+I13)/26)/8*T13*2,0) -> 615385 | V13: =IF($D13="HĐTV",(H13/26)*$O13*0.85,(H13/26)*$O13) -> 6461538.5 | W13: =IF($D13="HĐTV",(I13/26)*$O13*0.85,($I13/26)*$O13) -> 923076.92 | X13: =(J13/26)*$O13 -> 1200000 | Y13: =(K13/26)*$O13 -> 461538.46 | Z13: =(L13/26)*$O13 -> 369230.77 | AA13: =IF($D13="HĐTV",M13/26*O13,(M13)) -> 400000 | AB13: =VLOOKUP($B13,'Bảng thông tin'!$B:$R,15,0)+VLOOKUP(B13,'Bảng thông tin'!$B:$Q,16,0) -> 0 | AC13: =+SUM(V13:AB13)+Q13+S13+U13 -> 11046154 | AD13: =X13 -> 1200000 | AE13: =IF($D13="HĐTV",0,Z13) -> 369230.77 | AF13: =IF($D13="HĐTV",0,IF(AA13<=(5000000/12),AA13,AA13-(AA13-(5000000/12)))) -> 400000 | AG13: =+S13+U13 -> 615385 | AH13: =+SUM(AD13:AG13) -> 2584615.8 | AI13: =IFERROR(IF($O13<14,0,$G13*17%),0) -> 1360000 | AJ13: =IFERROR(IF($O13<14,0,$G13*3%),0) -> 240000 | AK13: =IFERROR(IF($O13<14,0,$G13*1%),0) -> 80000 | AL13: =IFERROR(IF($O13<14,0,$G13*0.5%),0) -> 40000 | AM13: =IFERROR(SUM(AI13:AL13),0) -> 1720000 | AN13: =IFERROR($G13*2%,0) -> 160000 | AO13: =IFERROR(IF($O13<14,0,$G13*8%),0) -> 640000 | AP13: =IFERROR(IF($O13<14,0,$G13*1.5%),0) -> 120000 | AQ13: =IFERROR(IF($O13<14,0,$G13*1%),0) -> 80000 | AR13: =SUM(AO13:AQ13) -> 840000 | AS13: =+SUM($G$4)*0% -> 0 | AT13: =IF($D13="HĐTV",0,15500000) -> 15500000 | AV13: =+AU13*6200000 -> 0 | AW13: =+AT13+AV13 -> 15500000 | AX13: =ROUND(AC13-AH13,0) -> 8461538 | AY13: =IF(AX13-AW13-AR13-AS13<0,0,AX13-AW13-AR13-AS13) -> 0 | AZ13: =IF(D13="HĐLĐ",IF(AY13<=10000000,AY13*5%,IF(AY13<=30000000,AY13*10%-500000,IF(AY13<=60000000,AY13*20%-3500000,IF(AY13<=100000000,AY13*30%-9500000,AY13*35%-14500000)))),AY13*10%) -> 0 | BA13: =+VLOOKUP($B13,'Bảng thông tin'!$B:$R,16,0) -> 0 | BB13: =ROUND(AC13-AZ13-AR13-AS13-BA13,0) -> 10206154
A14: 11 | B14: NV010 | C14: =+VLOOKUP($B14,'Bảng thông tin'!$B$4:$R$1002,2,0) -> Lê Hữu Thọ | D14: =+VLOOKUP($B14,'Bảng thông tin'!$B$4:$R$1002,3,0) -> HĐLĐ | E14: Thủ kho trưởng | F14: Logistic | G14: =+VLOOKUP($B14,'Bảng thông tin'!$B$4:$R$1002,7,0) -> 8000000 | H14: =+VLOOKUP($B14,'Bảng thông tin'!$B$4:$R$1002,8,0) -> 7000000 | I14: =+VLOOKUP($B14,'Bảng thông tin'!$B$4:$R$1002,9,0) -> 1000000 | J14: =+VLOOKUP($B14,'Bảng thông tin'!$B$4:$R$1002,10,0) -> 1300000 | K14: =+VLOOKUP($B14,'Bảng thông tin'!$B$4:$R$1002,11,0) -> 500000 | L14: =+VLOOKUP($B14,'Bảng thông tin'!$B$4:$R$1002,12,0) -> 400000 | M14: =+VLOOKUP($B14,'Bảng thông tin'!$B$4:$R$1002,13,0) -> 400000 | N14: =+VLOOKUP($B14,'Bảng thông tin'!$B$4:$R$1002,14,0) -> 10600000 | O14: =VLOOKUP($B14,BCC!$B$11:$AN$1032,35,0) -> 26 | P14: =VLOOKUP($B14,BCC!$B$11:$AN$1032,38,0)+VLOOKUP($B14,BCC!$B$11:$AN$1032,39,0) -> 0 | Q14: =+((H14+I14)/26)*P14 -> 0 | R14: =VLOOKUP($B14,BCC!$B$11:$AN$1032,36,0) -> 0 | S14: =ROUND(((H14+I14)/26)/8*R14*1.5,0) -> 0 | T14: =VLOOKUP($B14,BCC!$B$11:$AN$1032,37,0) -> 8 | U14: =ROUND(((H14+I14)/26)/8*T14*2,0) -> 615385 | V14: =IF($D14="HĐTV",(H14/26)*$O14*0.85,(H14/26)*$O14) -> 7000000 | W14: =IF($D14="HĐTV",(I14/26)*$O14*0.85,($I14/26)*$O14) -> 1000000 | X14: =(J14/26)*$O14 -> 1300000 | Y14: =(K14/26)*$O14 -> 500000 | Z14: =(L14/26)*$O14 -> 400000 | AA14: =IF($D14="HĐTV",M14/26*O14,(M14)) -> 400000 | AB14: =VLOOKUP($B14,'Bảng thông tin'!$B:$R,15,0)+VLOOKUP(B14,'Bảng thông tin'!$B:$Q,16,0) -> 0 | AC14: =+SUM(V14:AB14)+Q14+S14+U14 -> 11215385 | AD14: =X14 -> 1300000 | AE14: =IF($D14="HĐTV",0,Z14) -> 400000 | AF14: =IF($D14="HĐTV",0,IF(AA14<=(5000000/12),AA14,AA14-(AA14-(5000000/12)))) -> 400000 | AG14: =+S14+U14 -> 615385 | AH14: =+SUM(AD14:AG14) -> 2715385 | AI14: =IFERROR(IF($O14<14,0,$G14*17%),0) -> 1360000 | AJ14: =IFERROR(IF($O14<14,0,$G14*3%),0) -> 240000 | AK14: =IFERROR(IF($O14<14,0,$G14*1%),0) -> 80000 | AL14: =IFERROR(IF($O14<14,0,$G14*0.5%),0) -> 40000 | AM14: =IFERROR(SUM(AI14:AL14),0) -> 1720000 | AN14: =IFERROR($G14*2%,0) -> 160000 | AO14: =IFERROR(IF($O14<14,0,$G14*8%),0) -> 640000 | AP14: =IFERROR(IF($O14<14,0,$G14*1.5%),0) -> 120000 | AQ14: =IFERROR(IF($O14<14,0,$G14*1%),0) -> 80000 | AR14: =SUM(AO14:AQ14) -> 840000 | AS14: =+SUM($G$4)*0% -> 0 | AT14: =IF($D14="HĐTV",0,15500000) -> 15500000 | AV14: =+AU14*6200000 -> 0 | AW14: =+AT14+AV14 -> 15500000 | AX14: =ROUND(AC14-AH14,0) -> 8500000 | AY14: =IF(AX14-AW14-AR14-AS14<0,0,AX14-AW14-AR14-AS14) -> 0 | AZ14: =IF(D14="HĐLĐ",IF(AY14<=10000000,AY14*5%,IF(AY14<=30000000,AY14*10%-500000,IF(AY14<=60000000,AY14*20%-3500000,IF(AY14<=100000000,AY14*30%-9500000,AY14*35%-14500000)))),AY14*10%) -> 0 | BA14: =+VLOOKUP($B14,'Bảng thông tin'!$B:$R,16,0) -> 0 | BB14: =ROUND(AC14-AZ14-AR14-AS14-BA14,0) -> 10375385
A15: 12 | B15: NV020 | C15: =+VLOOKUP($B15,'Bảng thông tin'!$B$4:$R$1002,2,0) -> Dương Nhựt Thành | D15: =+VLOOKUP($B15,'Bảng thông tin'!$B$4:$R$1002,3,0) -> HĐLĐ | E15: Nhân viên | F15: Logistic | G15: =+VLOOKUP($B15,'Bảng thông tin'!$B$4:$R$1002,7,0) -> 7000000 | H15: =+VLOOKUP($B15,'Bảng thông tin'!$B$4:$R$1002,8,0) -> 6500000 | I15: =+VLOOKUP($B15,'Bảng thông tin'!$B$4:$R$1002,9,0) -> 500000 | J15: =+VLOOKUP($B15,'Bảng thông tin'!$B$4:$R$1002,10,0) -> 1000000 | K15: =+VLOOKUP($B15,'Bảng thông tin'!$B$4:$R$1002,11,0) -> 1000000 | L15: =+VLOOKUP($B15,'Bảng thông tin'!$B$4:$R$1002,12,0) -> 500000 | M15: =+VLOOKUP($B15,'Bảng thông tin'!$B$4:$R$1002,13,0) -> 400000 | N15: =+VLOOKUP($B15,'Bảng thông tin'!$B$4:$R$1002,14,0) -> 9900000 | O15: =VLOOKUP($B15,BCC!$B$11:$AN$1032,35,0) -> 24 | P15: =VLOOKUP($B15,BCC!$B$11:$AN$1032,38,0)+VLOOKUP($B15,BCC!$B$11:$AN$1032,39,0) -> 2 | Q15: =+((H15+I15)/26)*P15 -> 538461.54 | R15: =VLOOKUP($B15,BCC!$B$11:$AN$1032,36,0) -> 0 | S15: =ROUND(((H15+I15)/26)/8*R15*1.5,0) -> 0 | T15: =VLOOKUP($B15,BCC!$B$11:$AN$1032,37,0) -> 0 | U15: =ROUND(((H15+I15)/26)/8*T15*2,0) -> 0 | V15: =IF($D15="HĐTV",(H15/26)*$O15*0.85,(H15/26)*$O15) -> 6000000 | W15: =IF($D15="HĐTV",(I15/26)*$O15*0.85,($I15/26)*$O15) -> 461538.46 | X15: =(J15/26)*$O15 -> 923076.92 | Y15: =(K15/26)*$O15 -> 923076.92 | Z15: =(L15/26)*$O15 -> 461538.46 | AA15: =IF($D15="HĐTV",M15/26*O15,(M15)) -> 400000 | AB15: =VLOOKUP($B15,'Bảng thông tin'!$B:$R,15,0)+VLOOKUP(B15,'Bảng thông tin'!$B:$Q,16,0) -> 0 | AC15: =+SUM(V15:AB15)+Q15+S15+U15 -> 9707692.3 | AD15: =X15 -> 923076.92 | AE15: =IF($D15="HĐTV",0,Z15) -> 461538.46 | AF15: =IF($D15="HĐTV",0,IF(AA15<=(5000000/12),AA15,AA15-(AA15-(5000000/12)))) -> 400000 | AG15: =+S15+U15 -> 0 | AH15: =+SUM(AD15:AG15) -> 1784615.4 | AI15: =IFERROR(IF($O15<14,0,$G15*17%),0) -> 1190000 | AJ15: =IFERROR(IF($O15<14,0,$G15*3%),0) -> 210000 | AK15: =IFERROR(IF($O15<14,0,$G15*1%),0) -> 70000 | AL15: =IFERROR(IF($O15<14,0,$G15*0.5%),0) -> 35000 | AM15: =IFERROR(SUM(AI15:AL15),0) -> 1505000 | AN15: =IFERROR($G15*2%,0) -> 140000 | AO15: =IFERROR(IF($O15<14,0,$G15*8%),0) -> 560000 | AP15: =IFERROR(IF($O15<14,0,$G15*1.5%),0) -> 105000 | AQ15: =IFERROR(IF($O15<14,0,$G15*1%),0) -> 70000 | AR15: =SUM(AO15:AQ15) -> 735000 | AS15: =+SUM($G$4)*0% -> 0 | AT15: =IF($D15="HĐTV",0,15500000) -> 15500000 | AV15: =+AU15*6200000 -> 0 | AW15: =+AT15+AV15 -> 15500000 | AX15: =ROUND(AC15-AH15,0) -> 7923077 | AY15: =IF(AX15-AW15-AR15-AS15<0,0,AX15-AW15-AR15-AS15) -> 0 | AZ15: =IF(D15="HĐLĐ",IF(AY15<=10000000,AY15*5%,IF(AY15<=30000000,AY15*10%-500000,IF(AY15<=60000000,AY15*20%-3500000,IF(AY15<=100000000,AY15*30%-9500000,AY15*35%-14500000)))),AY15*10%) -> 0 | BA15: =+VLOOKUP($B15,'Bảng thông tin'!$B:$R,16,0) -> 0 | BB15: =ROUND(AC15-AZ15-AR15-AS15-BA15,0) -> 8972692
A16: 13 | B16: NV031 | C16: =+VLOOKUP($B16,'Bảng thông tin'!$B$4:$R$1002,2,0) -> Tiết Trinh Nguyên | D16: =+VLOOKUP($B16,'Bảng thông tin'!$B$4:$R$1002,3,0) -> HĐLĐ | E16: Nhân viên | F16: Logistic | G16: =+VLOOKUP($B16,'Bảng thông tin'!$B$4:$R$1002,7,0) -> 7000000 | H16: =+VLOOKUP($B16,'Bảng thông tin'!$B$4:$R$1002,8,0) -> 6500000 | I16: =+VLOOKUP($B16,'Bảng thông tin'!$B$4:$R$1002,9,0) -> 500000 | J16: =+VLOOKUP($B16,'Bảng thông tin'!$B$4:$R$1002,10,0) -> 1000000 | K16: =+VLOOKUP($B16,'Bảng thông tin'!$B$4:$R$1002,11,0) -> 500000 | L16: =+VLOOKUP($B16,'Bảng thông tin'!$B$4:$R$1002,12,0) -> 300000 | M16: =+VLOOKUP($B16,'Bảng thông tin'!$B$4:$R$1002,13,0) -> 400000 | N16: =+VLOOKUP($B16,'Bảng thông tin'!$B$4:$R$1002,14,0) -> 9200000 | O16: =VLOOKUP($B16,BCC!$B$11:$AN$1032,35,0) -> 25 | P16: =VLOOKUP($B16,BCC!$B$11:$AN$1032,38,0)+VLOOKUP($B16,BCC!$B$11:$AN$1032,39,0) -> 1 | Q16: =+((H16+I16)/26)*P16 -> 269230.77 | R16: =VLOOKUP($B16,BCC!$B$11:$AN$1032,36,0) -> 21.33 | S16: =ROUND(((H16+I16)/26)/8*R16*1.5,0) -> 1076755 | T16: =VLOOKUP($B16,BCC!$B$11:$AN$1032,37,0) -> 0 | U16: =ROUND(((H16+I16)/26)/8*T16*2,0) -> 0 | V16: =IF($D16="HĐTV",(H16/26)*$O16*0.85,(H16/26)*$O16) -> 6250000 | W16: =IF($D16="HĐTV",(I16/26)*$O16*0.85,($I16/26)*$O16) -> 480769.23 | X16: =(J16/26)*$O16 -> 961538.46 | Y16: =(K16/26)*$O16 -> 480769.23 | Z16: =(L16/26)*$O16 -> 288461.54 | AA16: =IF($D16="HĐTV",M16/26*O16,(M16)) -> 400000 | AB16: =VLOOKUP($B16,'Bảng thông tin'!$B:$R,15,0)+VLOOKUP(B16,'Bảng thông tin'!$B:$Q,16,0) -> 0 | AC16: =+SUM(V16:AB16)+Q16+S16+U16 -> 10207524 | AD16: =X16 -> 961538.46 | AE16: =IF($D16="HĐTV",0,Z16) -> 288461.54 | AF16: =IF($D16="HĐTV",0,IF(AA16<=(5000000/12),AA16,AA16-(AA16-(5000000/12)))) -> 400000 | AG16: =+S16+U16 -> 1076755 | AH16: =+SUM(AD16:AG16) -> 2726755 | AI16: =IFERROR(IF($O16<14,0,$G16*17%),0) -> 1190000 | AJ16: =IFERROR(IF($O16<14,0,$G16*3%),0) -> 210000 | AK16: =IFERROR(IF($O16<14,0,$G16*1%),0) -> 70000 | AL16: =IFERROR(IF($O16<14,0,$G16*0.5%),0) -> 35000 | AM16: =IFERROR(SUM(AI16:AL16),0) -> 1505000 | AN16: =IFERROR($G16*2%,0) -> 140000 | AO16: =IFERROR(IF($O16<14,0,$G16*8%),0) -> 560000 | AP16: =IFERROR(IF($O16<14,0,$G16*1.5%),0) -> 105000 | AQ16: =IFERROR(IF($O16<14,0,$G16*1%),0) -> 70000 | AR16: =SUM(AO16:AQ16) -> 735000 | AS16: =+SUM($G$4)*0% -> 0 | AT16: =IF($D16="HĐTV",0,15500000) -> 15500000 | AV16: =+AU16*6200000 -> 0 | AW16: =+AT16+AV16 -> 15500000 | AX16: =ROUND(AC16-AH16,0) -> 7480769 | AY16: =IF(AX16-AW16-AR16-AS16<0,0,AX16-AW16-AR16-AS16) -> 0 | AZ16: =IF(D16="HĐLĐ",IF(AY16<=10000000,AY16*5%,IF(AY16<=30000000,AY16*10%-500000,IF(AY16<=60000000,AY16*20%-3500000,IF(AY16<=100000000,AY16*30%-9500000,AY16*35%-14500000)))),AY16*10%) -> 0 | BA16: =+VLOOKUP($B16,'Bảng thông tin'!$B:$R,16,0) -> 0 | BB16: =ROUND(AC16-AZ16-AR16-AS16-BA16,0) -> 9472524
A17: 14 | B17: NV036 | C17: =+VLOOKUP($B17,'Bảng thông tin'!$B$4:$R$1002,2,0) -> Nguyễn Hoàng Ngọc Châu | D17: =+VLOOKUP($B17,'Bảng thông tin'!$B$4:$R$1002,3,0) -> HĐLĐ | E17: Nhân viên | F17: Logistic | G17: =+VLOOKUP($B17,'Bảng thông tin'!$B$4:$R$1002,7,0) -> 7500000 | H17: =+VLOOKUP($B17,'Bảng thông tin'!$B$4:$R$1002,8,0) -> 6500000 | I17: =+VLOOKUP($B17,'Bảng thông tin'!$B$4:$R$1002,9,0) -> 1000000 | J17: =+VLOOKUP($B17,'Bảng thông tin'!$B$4:$R$1002,10,0) -> 1000000 | K17: =+VLOOKUP($B17,'Bảng thông tin'!$B$4:$R$1002,11,0) -> 500000 | L17: =+VLOOKUP($B17,'Bảng thông tin'!$B$4:$R$1002,12,0) -> 400000 | M17: =+VLOOKUP($B17,'Bảng thông tin'!$B$4:$R$1002,13,0) -> 400000 | N17: =+VLOOKUP($B17,'Bảng thông tin'!$B$4:$R$1002,14,0) -> 9800000 | O17: =VLOOKUP($B17,BCC!$B$11:$AN$1032,35,0) -> 26 | P17: =VLOOKUP($B17,BCC!$B$11:$AN$1032,38,0)+VLOOKUP($B17,BCC!$B$11:$AN$1032,39,0) -> 0 | Q17: =+((H17+I17)/26)*P17 -> 0 | R17: =VLOOKUP($B17,BCC!$B$11:$AN$1032,36,0) -> 10.58 | S17: =ROUND(((H17+I17)/26)/8*R17*1.5,0) -> 572236 | T17: =VLOOKUP($B17,BCC!$B$11:$AN$1032,37,0) -> 0 | U17: =ROUND(((H17+I17)/26)/8*T17*2,0) -> 0 | V17: =IF($D17="HĐTV",(H17/26)*$O17*0.85,(H17/26)*$O17) -> 6500000 | W17: =IF($D17="HĐTV",(I17/26)*$O17*0.85,($I17/26)*$O17) -> 1000000 | X17: =(J17/26)*$O17 -> 1000000 | Y17: =(K17/26)*$O17 -> 500000 | Z17: =(L17/26)*$O17 -> 400000 | AA17: =IF($D17="HĐTV",M17/26*O17,(M17)) -> 400000 | AB17: =VLOOKUP($B17,'Bảng thông tin'!$B:$R,15,0)+VLOOKUP(B17,'Bảng thông tin'!$B:$Q,16,0) -> 0 | AC17: =+SUM(V17:AB17)+Q17+S17+U17 -> 10372236 | AD17: =X17 -> 1000000 | AE17: =IF($D17="HĐTV",0,Z17) -> 400000 | AF17: =IF($D17="HĐTV",0,IF(AA17<=(5000000/12),AA17,AA17-(AA17-(5000000/12)))) -> 400000 | AG17: =+S17+U17 -> 572236 | AH17: =+SUM(AD17:AG17) -> 2372236 | AI17: =IFERROR(IF($O17<14,0,$G17*17%),0) -> 1275000 | AJ17: =IFERROR(IF($O17<14,0,$G17*3%),0) -> 225000 | AK17: =IFERROR(IF($O17<14,0,$G17*1%),0) -> 75000 | AL17: =IFERROR(IF($O17<14,0,$G17*0.5%),0) -> 37500 | AM17: =IFERROR(SUM(AI17:AL17),0) -> 1612500 | AN17: =IFERROR($G17*2%,0) -> 150000 | AO17: =IFERROR(IF($O17<14,0,$G17*8%),0) -> 600000 | AP17: =IFERROR(IF($O17<14,0,$G17*1.5%),0) -> 112500 | AQ17: =IFERROR(IF($O17<14,0,$G17*1%),0) -> 75000 | AR17: =SUM(AO17:AQ17) -> 787500 | AS17: =+SUM($G$4)*0% -> 0 | AT17: =IF($D17="HĐTV",0,15500000) -> 15500000 | AV17: =+AU17*6200000 -> 0 | AW17: =+AT17+AV17 -> 15500000 | AX17: =ROUND(AC17-AH17,0) -> 8000000 | AY17: =IF(AX17-AW17-AR17-AS17<0,0,AX17-AW17-AR17-AS17) -> 0 | AZ17: =IF(D17="HĐLĐ",IF(AY17<=10000000,AY17*5%,IF(AY17<=30000000,AY17*10%-500000,IF(AY17<=60000000,AY17*20%-3500000,IF(AY17<=100000000,AY17*30%-9500000,AY17*35%-14500000)))),AY17*10%) -> 0 | BA17: =+VLOOKUP($B17,'Bảng thông tin'!$B:$R,16,0) -> 0 | BB17: =ROUND(AC17-AZ17-AR17-AS17-BA17,0) -> 9584736
... A35: 32 | B35: NV009 | C35: =+VLOOKUP($B35,'Bảng thông tin'!$B$4:$R$1002,2,0) -> Trần Thị Thanh Dung | D35: =+VLOOKUP($B35,'Bảng thông tin'!$B$4:$R$1002,3,0) -> HĐLĐ | E35: Kế toán | F35: Kế toán | G35: =+VLOOKUP($B35,'Bảng thông tin'!$B$4:$R$1002,7,0) -> 8500000 | H35: =+VLOOKUP($B35,'Bảng thông tin'!$B$4:$R$1002,8,0) -> 7500000 | I35: =+VLOOKUP($B35,'Bảng thông tin'!$B$4:$R$1002,9,0) -> 1000000 | J35: =+VLOOKUP($B35,'Bảng thông tin'!$B$4:$R$1002,10,0) -> 1800000 | K35: =+VLOOKUP($B35,'Bảng thông tin'!$B$4:$R$1002,11,0) -> 500000 | L35: =+VLOOKUP($B35,'Bảng thông tin'!$B$4:$R$1002,12,0) -> 300000 | M35: =+VLOOKUP($B35,'Bảng thông tin'!$B$4:$R$1002,13,0) -> 400000 | N35: =+VLOOKUP($B35,'Bảng thông tin'!$B$4:$R$1002,14,0) -> 11500000 | O35: =VLOOKUP($B35,BCC!$B$11:$AN$1032,35,0) -> 17 | P35: =VLOOKUP($B35,BCC!$B$11:$AN$1032,38,0)+VLOOKUP($B35,BCC!$B$11:$AN$1032,39,0) -> 0 | Q35: =+((H35+I35)/26)*P35 -> 0 | R35: =VLOOKUP($B35,BCC!$B$11:$AN$1032,36,0) -> 0 | S35: =ROUND(((H35+I35)/26)/8*R35*1.5,0) -> 0 | T35: =VLOOKUP($B35,BCC!$B$11:$AN$1032,37,0) -> 0 | U35: =ROUND(((H35+I35)/26)/8*T35*2,0) -> 0 | V35: =IF($D35="HĐTV",(H35/26)*$O35*0.85,(H35/26)*$O35) -> 4903846.2 | W35: =IF($D35="HĐTV",(I35/26)*$O35*0.85,($I35/26)*$O35) -> 653846.15 | X35: =(J35/26)*$O35 -> 1176923.1 | Y35: =(K35/26)*$O35 -> 326923.08 | Z35: =(L35/26)*$O35 -> 196153.85 | AA35: =IF($D35="HĐTV",M35/26*O35,(M35)) -> 400000 | AB35: =VLOOKUP($B35,'Bảng thông tin'!$B:$R,15,0)+VLOOKUP(B35,'Bảng thông tin'!$B:$Q,16,0) -> 0 | AC35: =+SUM(V35:AB35)+Q35+S35+U35 -> 7657692.3 | AD35: =X35 -> 1176923.1 | AE35: =IF($D35="HĐTV",0,Z35) -> 196153.85 | AF35: =IF($D35="HĐTV",0,IF(AA35<=(5000000/12),AA35,AA35-(AA35-(5000000/12)))) -> 400000 | AG35: =+S35+U35 -> 0 | AH35: =+SUM(AD35:AG35) -> 1773076.9 | AI35: =IFERROR(IF($O35<14,0,$G35*17%),0) -> 1445000 | AJ35: =IFERROR(IF($O35<14,0,$G35*3%),0) -> 255000 | AK35: =IFERROR(IF($O35<14,0,$G35*1%),0) -> 85000 | AL35: =IFERROR(IF($O35<14,0,$G35*0.5%),0) -> 42500 | AM35: =IFERROR(SUM(AI35:AL35),0) -> 1827500 | AN35: =IFERROR($G35*2%,0) -> 170000 | AO35: =IFERROR(IF($O35<14,0,$G35*8%),0) -> 680000 | AP35: =IFERROR(IF($O35<14,0,$G35*1.5%),0) -> 127500 | AQ35: =IFERROR(IF($O35<14,0,$G35*1%),0) -> 85000 | AR35: =SUM(AO35:AQ35) -> 892500 | AS35: =+SUM($G$4)*0% -> 0 | AT35: =IF($D35="HĐTV",0,15500000) -> 15500000 | AV35: =+AU35*6200000 -> 0 | AW35: =+AT35+AV35 -> 15500000 | AX35: =ROUND(AC35-AH35,0) -> 5884615 | AY35: =IF(AX35-AW35-AR35-AS35<0,0,AX35-AW35-AR35-AS35) -> 0 | AZ35: =IF(D35="HĐLĐ",IF(AY35<=10000000,AY35*5%,IF(AY35<=30000000,AY35*10%-500000,IF(AY35<=60000000,AY35*20%-3500000,IF(AY35<=100000000,AY35*30%-9500000,AY35*35%-14500000)))),AY35*10%) -> 0 | BA35: =+VLOOKUP($B35,'Bảng thông tin'!$B:$R,16,0) -> 0 | BB35: =ROUND(AC35-AZ35-AR35-AS35-BA35,0) -> 6765192
A36: 33 | B36: NV037 | C36: =+VLOOKUP($B36,'Bảng thông tin'!$B$4:$R$1002,2,0) -> Vũ Thị Mai Thủy | D36: =+VLOOKUP($B36,'Bảng thông tin'!$B$4:$R$1002,3,0) -> HĐLĐ | E36: Kế toán trưởng | F36: Kế toán | G36: =+VLOOKUP($B36,'Bảng thông tin'!$B$4:$R$1002,7,0) -> 10000000 | H36: =+VLOOKUP($B36,'Bảng thông tin'!$B$4:$R$1002,8,0) -> 8500000 | I36: =+VLOOKUP($B36,'Bảng thông tin'!$B$4:$R$1002,9,0) -> 1500000 | J36: =+VLOOKUP($B36,'Bảng thông tin'!$B$4:$R$1002,10,0) -> 1800000 | K36: =+VLOOKUP($B36,'Bảng thông tin'!$B$4:$R$1002,11,0) -> 500000 | L36: =+VLOOKUP($B36,'Bảng thông tin'!$B$4:$R$1002,12,0) -> 500000 | M36: =+VLOOKUP($B36,'Bảng thông tin'!$B$4:$R$1002,13,0) -> 400000 | N36: =+VLOOKUP($B36,'Bảng thông tin'!$B$4:$R$1002,14,0) -> 13200000 | O36: =VLOOKUP($B36,BCC!$B$11:$AN$1032,35,0) -> 25 | P36: =VLOOKUP($B36,BCC!$B$11:$AN$1032,38,0)+VLOOKUP($B36,BCC!$B$11:$AN$1032,39,0) -> 1 | Q36: =+((H36+I36)/26)*P36 -> 384615.38 | R36: =VLOOKUP($B36,BCC!$B$11:$AN$1032,36,0) -> 6.32 | S36: =ROUND(((H36+I36)/26)/8*R36*1.5,0) -> 455769 | T36: =VLOOKUP($B36,BCC!$B$11:$AN$1032,37,0) -> 0 | U36: =ROUND(((H36+I36)/26)/8*T36*2,0) -> 0 | V36: =IF($D36="HĐTV",(H36/26)*$O36*0.85,(H36/26)*$O36) -> 8173076.9 | W36: =IF($D36="HĐTV",(I36/26)*$O36*0.85,($I36/26)*$O36) -> 1442307.7 | X36: =(J36/26)*$O36 -> 1730769.2 | Y36: =(K36/26)*$O36 -> 480769.23 | Z36: =(L36/26)*$O36 -> 480769.23 | AA36: =IF($D36="HĐTV",0,(M36)) -> 400000 | AB36: =VLOOKUP($B36,'Bảng thông tin'!$B:$R,15,0)+VLOOKUP(B36,'Bảng thông tin'!$B:$Q,16,0) -> 0 | AC36: =+SUM(V36:AB36)+Q36+S36+U36 -> 13548077 | AD36: =X36 -> 1730769.2 | AE36: =IF($D36="HĐTV",0,Z36) -> 480769.23 | AF36: =IF($D36="HĐTV",0,IF(AA36<=(5000000/12),AA36,AA36-(AA36-(5000000/12)))) -> 400000 | AG36: =+S36+U36 -> 455769 | AH36: =+SUM(AD36:AG36) -> 3067307.5 | AI36: =IFERROR(IF($O36<14,0,$G36*17%),0) -> 1700000 | AJ36: =IFERROR(IF($O36<14,0,$G36*3%),0) -> 300000 | AK36: =IFERROR(IF($O36<14,0,$G36*1%),0) -> 100000 | AL36: =IFERROR(IF($O36<14,0,$G36*0.5%),0) -> 50000 | AM36: =IFERROR(SUM(AI36:AL36),0) -> 2150000 | AN36: =IFERROR($G36*2%,0) -> 200000 | AO36: =IFERROR(IF($O36<14,0,$G36*8%),0) -> 800000 | AP36: =IFERROR(IF($O36<14,0,$G36*1.5%),0) -> 150000 | AQ36: =IFERROR(IF($O36<14,0,$G36*1%),0) -> 100000 | AR36: =SUM(AO36:AQ36) -> 1050000 | AS36: =+SUM($G$4)*0% -> 0 | AT36: =IF($D36="HĐTV",0,15500000) -> 15500000 | AV36: =+AU36*6200000 -> 0 | AW36: =+AT36+AV36 -> 15500000 | AX36: =ROUND(AC36-AH36,0) -> 10480769 | AY36: =IF(AX36-AW36-AR36-AS36<0,0,AX36-AW36-AR36-AS36) -> 0 | AZ36: =IF(D36="HĐLĐ",IF(AY36<=10000000,AY36*5%,IF(AY36<=30000000,AY36*10%-500000,IF(AY36<=60000000,AY36*20%-3500000,IF(AY36<=100000000,AY36*30%-9500000,AY36*35%-14500000)))),AY36*10%) -> 0 | BA36: =+VLOOKUP($B36,'Bảng thông tin'!$B:$R,16,0) -> 0 | BB36: =ROUND(AC36-AZ36-AR36-AS36-BA36,0) -> 12498077
A37: 34 | B37: NV038 | C37: =+VLOOKUP($B37,'Bảng thông tin'!$B$4:$R$1002,2,0) -> Phạm Thị Kim Trang | D37: =+VLOOKUP($B37,'Bảng thông tin'!$B$4:$R$1002,3,0) -> HĐLĐ | E37: Nhân viên | F37: Kinh doanh | G37: =+VLOOKUP($B37,'Bảng thông tin'!$B$4:$R$1002,7,0) -> 7000000 | H37: =+VLOOKUP($B37,'Bảng thông tin'!$B$4:$R$1002,8,0) -> 6500000 | I37: =+VLOOKUP($B37,'Bảng thông tin'!$B$4:$R$1002,9,0) -> 500000 | J37: =+VLOOKUP($B37,'Bảng thông tin'!$B$4:$R$1002,10,0) -> 1000000 | K37: =+VLOOKUP($B37,'Bảng thông tin'!$B$4:$R$1002,11,0) -> 500000 | L37: =+VLOOKUP($B37,'Bảng thông tin'!$B$4:$R$1002,12,0) -> 400000 | M37: =+VLOOKUP($B37,'Bảng thông tin'!$B$4:$R$1002,13,0) -> 400000 | N37: =+VLOOKUP($B37,'Bảng thông tin'!$B$4:$R$1002,14,0) -> 9300000 | O37: =VLOOKUP($B37,BCC!$B$11:$AN$1032,35,0) -> 26 | P37: =VLOOKUP($B37,BCC!$B$11:$AN$1032,38,0)+VLOOKUP($B37,BCC!$B$11:$AN$1032,39,0) -> 0 | Q37: =+((H37+I37)/26)*P37 -> 0 | R37: =VLOOKUP($B37,BCC!$B$11:$AN$1032,36,0) -> 8.8 | S37: =ROUND(((H37+I37)/26)/8*R37*1.5,0) -> 444231 | T37: =VLOOKUP($B37,BCC!$B$11:$AN$1032,37,0) -> 8 | U37: =ROUND(((H37+I37)/26)/8*T37*2,0) -> 538462 | V37: =IF($D37="HĐTV",(H37/26)*$O37*0.85,(H37/26)*$O37) -> 6500000 | W37: =IF($D37="HĐTV",(I37/26)*$O37*0.85,($I37/26)*$O37) -> 500000 | X37: =(J37/26)*$O37 -> 1000000 | Y37: =(K37/26)*$O37 -> 500000 | Z37: =(L37/26)*$O37 -> 400000 | AA37: =IF($D37="HĐTV",0,(M37)) -> 400000 | AB37: =VLOOKUP($B37,'Bảng thông tin'!$B:$R,15,0)+VLOOKUP(B37,'Bảng thông tin'!$B:$Q,16,0) -> 0 | AC37: =+SUM(V37:AB37)+Q37+S37+U37 -> 10282693 | AD37: =X37 -> 1000000 | AE37: =IF($D37="HĐTV",0,Z37) -> 400000 | AF37: =IF($D37="HĐTV",0,IF(AA37<=(5000000/12),AA37,AA37-(AA37-(5000000/12)))) -> 400000 | AG37: =+S37+U37 -> 982693 | AH37: =+SUM(AD37:AG37) -> 2782693 | AI37: =IFERROR(IF($O37<14,0,$G37*17%),0) -> 1190000 | AJ37: =IFERROR(IF($O37<14,0,$G37*3%),0) -> 210000 | AK37: =IFERROR(IF($O37<14,0,$G37*1%),0) -> 70000 | AL37: =IFERROR(IF($O37<14,0,$G37*0.5%),0) -> 35000 | AM37: =IFERROR(SUM(AI37:AL37),0) -> 1505000 | AN37: =IFERROR($G37*2%,0) -> 140000 | AO37: =IFERROR(IF($O37<14,0,$G37*8%),0) -> 560000 | AP37: =IFERROR(IF($O37<14,0,$G37*1.5%),0) -> 105000 | AQ37: =IFERROR(IF($O37<14,0,$G37*1%),0) -> 70000 | AR37: =SUM(AO37:AQ37) -> 735000 | AS37: =+SUM($G$4)*0% -> 0 | AT37: =IF($D37="HĐTV",0,15500000) -> 15500000 | AV37: =+AU37*6200000 -> 0 | AW37: =+AT37+AV37 -> 15500000 | AX37: =ROUND(AC37-AH37,0) -> 7500000 | AY37: =IF(AX37-AW37-AR37-AS37<0,0,AX37-AW37-AR37-AS37) -> 0 | AZ37: =IF(D37="HĐLĐ",IF(AY37<=10000000,AY37*5%,IF(AY37<=30000000,AY37*10%-500000,IF(AY37<=60000000,AY37*20%-3500000,IF(AY37<=100000000,AY37*30%-9500000,AY37*35%-14500000)))),AY37*10%) -> 0 | BA37: =+VLOOKUP($B37,'Bảng thông tin'!$B:$R,16,0) -> 0 | BB37: =ROUND(AC37-AZ37-AR37-AS37-BA37,0) -> 9547693
A38: 35 | B38: NV039 | C38: =+VLOOKUP($B38,'Bảng thông tin'!$B$4:$R$1002,2,0) -> Nguyễn Ngọc Hân | D38: =+VLOOKUP($B38,'Bảng thông tin'!$B$4:$R$1002,3,0) -> HĐLĐ | E38: Nhân viên tư vấn | F38: Kinh doanh | G38: =+VLOOKUP($B38,'Bảng thông tin'!$B$4:$R$1002,7,0) -> 6000000 | H38: =+VLOOKUP($B38,'Bảng thông tin'!$B$4:$R$1002,8,0) -> 5500000 | I38: =+VLOOKUP($B38,'Bảng thông tin'!$B$4:$R$1002,9,0) -> 500000 | J38: =+VLOOKUP($B38,'Bảng thông tin'!$B$4:$R$1002,10,0) -> 1000000 | K38: =+VLOOKUP($B38,'Bảng thông tin'!$B$4:$R$1002,11,0) -> 500000 | L38: =+VLOOKUP($B38,'Bảng thông tin'!$B$4:$R$1002,12,0) -> 400000 | M38: =+VLOOKUP($B38,'Bảng thông tin'!$B$4:$R$1002,13,0) -> 400000 | N38: =+VLOOKUP($B38,'Bảng thông tin'!$B$4:$R$1002,14,0) -> 8300000 | O38: =VLOOKUP($B38,BCC!$B$11:$AN$1032,35,0) -> 23 | P38: =VLOOKUP($B38,BCC!$B$11:$AN$1032,38,0)+VLOOKUP($B38,BCC!$B$11:$AN$1032,39,0) -> 1 | Q38: =+((H38+I38)/26)*P38 -> 230769.23 | R38: =VLOOKUP($B38,BCC!$B$11:$AN$1032,36,0) -> 33.87 | S38: =ROUND(((H38+I38)/26)/8*R38*1.5,0) -> 1465529 | T38: =VLOOKUP($B38,BCC!$B$11:$AN$1032,37,0) -> 0 | U38: =ROUND(((H38+I38)/26)/8*T38*2,0) -> 0 | V38: =IF($D38="HĐTV",(H38/26)*$O38*0.85,(H38/26)*$O38) -> 4865384.6 | W38: =IF($D38="HĐTV",(I38/26)*$O38*0.85,($I38/26)*$O38) -> 442307.69 | X38: =(J38/26)*$O38 -> 884615.38 | Y38: =(K38/26)*$O38 -> 442307.69 | Z38: =(L38/26)*$O38 -> 353846.15 | AA38: =IF($D38="HĐTV",0,(M38)) -> 400000 | AB38: =VLOOKUP($B38,'Bảng thông tin'!$B:$R,15,0)+VLOOKUP(B38,'Bảng thông tin'!$B:$Q,16,0) -> 0 | AC38: =+SUM(V38:AB38)+Q38+S38+U38 -> 9084759.8 | AD38: =IF($D38="HĐTV",0,IF(X38<=730000,X38,X38-(X38-730000))) -> 730000 | AE38: =IF($D38="HĐTV",0,Z38) -> 353846.15 | AF38: =IF($D38="HĐTV",0,IF(AA38<=(5000000/12),AA38,AA38-(AA38-(5000000/12)))) -> 400000 | AG38: =+S38+U38 -> 1465529 | AH38: =+SUM(AD38:AG38) -> 2949375.2 | AI38: =IFERROR(IF($O38<14,0,$G38*17%),0) -> 1020000 | AJ38: =IFERROR(IF($O38<14,0,$G38*3%),0) -> 180000 | AK38: =IFERROR(IF($O38<14,0,$G38*1%),0) -> 60000 | AL38: =IFERROR(IF($O38<14,0,$G38*0.5%),0) -> 30000 | AM38: =IFERROR(SUM(AI38:AL38),0) -> 1290000 | AN38: =IFERROR($G38*2%,0) -> 120000 | AO38: =IFERROR(IF($O38<14,0,$G38*8%),0) -> 480000 | AP38: =IFERROR(IF($O38<14,0,$G38*1.5%),0) -> 90000 | AQ38: =IFERROR(IF($O38<14,0,$G38*1%),0) -> 60000 | AR38: =SUM(AO38:AQ38) -> 630000 | AS38: =+SUM($G$4)*0% -> 0 | AT38: =IF($D38="HĐTV",0,15500000) -> 15500000 | AV38: =+AU38*6200000 -> 0 | AW38: =+AT38+AV38 -> 15500000 | AX38: =ROUND(AC38-AH38,0) -> 6135385 | AY38: =IF(AX38-AW38-AR38-AS38<0,0,AX38-AW38-AR38-AS38) -> 0 | AZ38: =IF(D38="HĐLĐ",IF(AY38<=10000000,AY38*5%,IF(AY38<=30000000,AY38*10%-500000,IF(AY38<=60000000,AY38*20%-3500000,IF(AY38<=100000000,AY38*30%-9500000,AY38*35%-14500000)))),AY38*10%) -> 0 | BA38: =+VLOOKUP($B38,'Bảng thông tin'!$B:$R,16,0) -> 0 | BB38: =ROUND(AC38-AZ38-AR38-AS38-BA38,0) -> 8454760
A39: 36 | B39: NV040 | C39: =+VLOOKUP($B39,'Bảng thông tin'!$B$4:$R$1002,2,0) -> Trần Thị Ngọc Hân | D39: =+VLOOKUP($B39,'Bảng thông tin'!$B$4:$R$1002,3,0) -> HĐLĐ | E39: Nhân viên | F39: Sản xuất | G39: =+VLOOKUP($B39,'Bảng thông tin'!$B$4:$R$1002,7,0) -> 6500000 | H39: =+VLOOKUP($B39,'Bảng thông tin'!$B$4:$R$1002,8,0) -> 6000000 | I39: =+VLOOKUP($B39,'Bảng thông tin'!$B$4:$R$1002,9,0) -> 500000 | J39: =+VLOOKUP($B39,'Bảng thông tin'!$B$4:$R$1002,10,0) -> 1000000 | K39: =+VLOOKUP($B39,'Bảng thông tin'!$B$4:$R$1002,11,0) -> 500000 | L39: =+VLOOKUP($B39,'Bảng thông tin'!$B$4:$R$1002,12,0) -> 400000 | M39: =+VLOOKUP($B39,'Bảng thông tin'!$B$4:$R$1002,13,0) -> 400000 | N39: =+VLOOKUP($B39,'Bảng thông tin'!$B$4:$R$1002,14,0) -> 8800000 | O39: =VLOOKUP($B39,BCC!$B$11:$AN$1032,35,0) -> 26 | P39: =VLOOKUP($B39,BCC!$B$11:$AN$1032,38,0)+VLOOKUP($B39,BCC!$B$11:$AN$1032,39,0) -> 1 | Q39: =+((H39+I39)/26)*P39 -> 250000 | R39: =VLOOKUP($B39,BCC!$B$11:$AN$1032,36,0) -> 38.82 | S39: =ROUND(((H39+I39)/26)/8*R39*1.5,0) -> 1819688 | T39: =VLOOKUP($B39,BCC!$B$11:$AN$1032,37,0) -> 0 | U39: =ROUND(((H39+I39)/26)/8*T39*2,0) -> 0 | V39: =IF($D39="HĐTV",(H39/26)*$O39*0.85,(H39/26)*$O39) -> 6000000 | W39: =IF($D39="HĐTV",(I39/26)*$O39*0.85,($I39/26)*$O39) -> 500000 | X39: =(J39/26)*$O39 -> 1000000 | Y39: =(K39/26)*$O39 -> 500000 | Z39: =(L39/26)*$O39 -> 400000 | AA39: =IF($D39="HĐTV",0,(M39)) -> 400000 | AB39: =VLOOKUP($B39,'Bảng thông tin'!$B:$R,15,0)+VLOOKUP(B39,'Bảng thông tin'!$B:$Q,16,0) -> 0 | AC39: =+SUM(V39:AB39)+Q39+S39+U39 -> 10869688 | AD39: =IF($D39="HĐTV",0,IF(X39<=730000,X39,X39-(X39-730000))) -> 730000 | AE39: =IF($D39="HĐTV",0,Z39) -> 400000 | AF39: =IF($D39="HĐTV",0,IF(AA39<=(5000000/12),AA39,AA39-(AA39-(5000000/12)))) -> 400000 | AG39: =+S39+U39 -> 1819688 | AH39: =+SUM(AD39:AG39) -> 3349688 | AI39: =IFERROR(IF($O39<14,0,$G39*17%),0) -> 1105000 | AJ39: =IFERROR(IF($O39<14,0,$G39*3%),0) -> 195000 | AK39: =IFERROR(IF($O39<14,0,$G39*1%),0) -> 65000 | AL39: =IFERROR(IF($O39<14,0,$G39*0.5%),0) -> 32500 | AM39: =IFERROR(SUM(AI39:AL39),0) -> 1397500 | AN39: =IFERROR($G39*2%,0) -> 130000 | AO39: =IFERROR(IF($O39<14,0,$G39*8%),0) -> 520000 | AP39: =IFERROR(IF($O39<14,0,$G39*1.5%),0) -> 97500 | AQ39: =IFERROR(IF($O39<14,0,$G39*1%),0) -> 65000 | AR39: =SUM(AO39:AQ39) -> 682500 | AS39: =+SUM($G$4)*0% -> 0 | AT39: =IF($D39="HĐTV",0,15500000) -> 15500000 | AV39: =+AU39*6200000 -> 0 | AW39: =+AT39+AV39 -> 15500000 | AX39: =ROUND(AC39-AH39,0) -> 7520000 | AY39: =IF(AX39-AW39-AR39-AS39<0,0,AX39-AW39-AR39-AS39) -> 0 | AZ39: =IF(D39="HĐLĐ",IF(AY39<=10000000,AY39*5%,IF(AY39<=30000000,AY39*10%-500000,IF(AY39<=60000000,AY39*20%-3500000,IF(AY39<=100000000,AY39*30%-9500000,AY39*35%-14500000)))),AY39*10%) -> 0 | BA39: =+VLOOKUP($B39,'Bảng thông tin'!$B:$R,16,0) -> 0 | BB39: =ROUND(AC39-AZ39-AR39-AS39-BA39,0) -> 10187188
A40: 37 | B40: NV041 | C40: =+VLOOKUP($B40,'Bảng thông tin'!$B$4:$R$1002,2,0) -> Võ Thị Xuân Dung | D40: =+VLOOKUP($B40,'Bảng thông tin'!$B$4:$R$1002,3,0) -> HĐLĐ | E40: Nhân viên | F40: Sản xuất | G40: =+VLOOKUP($B40,'Bảng thông tin'!$B$4:$R$1002,7,0) -> 7000000 | H40: =+VLOOKUP($B40,'Bảng thông tin'!$B$4:$R$1002,8,0) -> 6500000 | I40: =+VLOOKUP($B40,'Bảng thông tin'!$B$4:$R$1002,9,0) -> 500000 | J40: =+VLOOKUP($B40,'Bảng thông tin'!$B$4:$R$1002,10,0) -> 1000000 | K40: =+VLOOKUP($B40,'Bảng thông tin'!$B$4:$R$1002,11,0) -> 500000 | L40: =+VLOOKUP($B40,'Bảng thông tin'!$B$4:$R$1002,12,0) -> 400000 | M40: =+VLOOKUP($B40,'Bảng thông tin'!$B$4:$R$1002,13,0) -> 400000 | N40: =+VLOOKUP($B40,'Bảng thông tin'!$B$4:$R$1002,14,0) -> 9300000 | O40: =VLOOKUP($B40,BCC!$B$11:$AN$1032,35,0) -> 26 | P40: =VLOOKUP($B40,BCC!$B$11:$AN$1032,38,0)+VLOOKUP($B40,BCC!$B$11:$AN$1032,39,0) -> 0 | Q40: =+((H40+I40)/26)*P40 -> 0 | R40: =VLOOKUP($B40,BCC!$B$11:$AN$1032,36,0) -> 23.754 | S40: =ROUND(((H40+I40)/26)/8*R40*1.5,0) -> 1199120 | T40: =VLOOKUP($B40,BCC!$B$11:$AN$1032,37,0) -> 0 | U40: =ROUND(((H40+I40)/26)/8*T40*2,0) -> 0 | V40: =IF($D40="HĐTV",(H40/26)*$O40*0.85,(H40/26)*$O40) -> 6500000 | W40: =IF($D40="HĐTV",(I40/26)*$O40*0.85,($I40/26)*$O40) -> 500000 | X40: =(J40/26)*$O40 -> 1000000 | Y40: =(K40/26)*$O40 -> 500000 | Z40: =(L40/26)*$O40 -> 400000 | AA40: =IF($D40="HĐTV",0,(M40)) -> 400000 | AB40: =VLOOKUP($B40,'Bảng thông tin'!$B:$R,15,0)+VLOOKUP(B40,'Bảng thông tin'!$B:$Q,16,0) -> 0 | AC40: =+SUM(V40:AB40)+Q40+S40+U40 -> 10499120 | AD40: =IF($D40="HĐTV",0,IF(X40<=730000,X40,X40-(X40-730000))) -> 730000 | AE40: =IF($D40="HĐTV",0,Z40) -> 400000 | AF40: =IF($D40="HĐTV",0,IF(AA40<=(5000000/12),AA40,AA40-(AA40-(5000000/12)))) -> 400000 | AG40: =+S40+U40 -> 1199120 | AH40: =+SUM(AD40:AG40) -> 2729120 | AI40: =IFERROR(IF($O40<14,0,$G40*17%),0) -> 1190000 | AJ40: =IFERROR(IF($O40<14,0,$G40*3%),0) -> 210000 | AK40: =IFERROR(IF($O40<14,0,$G40*1%),0) -> 70000 | AL40: =IFERROR(IF($O40<14,0,$G40*0.5%),0) -> 35000 | AM40: =IFERROR(SUM(AI40:AL40),0) -> 1505000 | AN40: =IFERROR($G40*2%,0) -> 140000 | AO40: =IFERROR(IF($O40<14,0,$G40*8%),0) -> 560000 | AP40: =IFERROR(IF($O40<14,0,$G40*1.5%),0) -> 105000 | AQ40: =IFERROR(IF($O40<14,0,$G40*1%),0) -> 70000 | AR40: =SUM(AO40:AQ40) -> 735000 | AS40: =+SUM($G$4)*0% -> 0 | AT40: =IF($D40="HĐTV",0,15500000) -> 15500000 | AV40: =+AU40*6200000 -> 0 | AW40: =+AT40+AV40 -> 15500000 | AX40: =ROUND(AC40-AH40,0) -> 7770000 | AY40: =IF(AX40-AW40-AR40-AS40<0,0,AX40-AW40-AR40-AS40) -> 0 | AZ40: =IF(D40="HĐLĐ",IF(AY40<=10000000,AY40*5%,IF(AY40<=30000000,AY40*10%-500000,IF(AY40<=60000000,AY40*20%-3500000,IF(AY40<=100000000,AY40*30%-9500000,AY40*35%-14500000)))),AY40*10%) -> 0 | BA40: =+VLOOKUP($B40,'Bảng thông tin'!$B:$R,16,0) -> 0 | BB40: =ROUND(AC40-AZ40-AR40-AS40-BA40,0) -> 9764120
A41: 38 | B41: NV042 | C41: =+VLOOKUP($B41,'Bảng thông tin'!$B$4:$R$1002,2,0) -> Nguyễn Thị Ngọc | D41: =+VLOOKUP($B41,'Bảng thông tin'!$B$4:$R$1002,3,0) -> HĐTV | E41: Nhân viên thử việc | F41: Kế toán | G41: =+VLOOKUP($B41,'Bảng thông tin'!$B$4:$R$1002,7,0) | H41: =+VLOOKUP($B41,'Bảng thông tin'!$B$4:$R$1002,8,0) -> 7000000 | I41: =+VLOOKUP($B41,'Bảng thông tin'!$B$4:$R$1002,9,0) -> 1000000 | J41: =+VLOOKUP($B41,'Bảng thông tin'!$B$4:$R$1002,10,0) -> 1000000 | K41: =+VLOOKUP($B41,'Bảng thông tin'!$B$4:$R$1002,11,0) -> 500000 | L41: =+VLOOKUP($B41,'Bảng thông tin'!$B$4:$R$1002,12,0) -> 300000 | M41: =+VLOOKUP($B41,'Bảng thông tin'!$B$4:$R$1002,13,0) -> 400000 | N41: =+VLOOKUP($B41,'Bảng thông tin'!$B$4:$R$1002,14,0) -> 10200000 | O41: =VLOOKUP($B41,BCC!$B$11:$AN$1032,35,0) -> 26 | P41: =VLOOKUP($B41,BCC!$B$11:$AN$1032,38,0)+VLOOKUP($B41,BCC!$B$11:$AN$1032,39,0) -> 0 | Q41: =+((H41+I41)/26)*P41 -> 0 | R41: =VLOOKUP($B41,BCC!$B$11:$AN$1032,36,0) -> 2.98 | S41: =ROUND(((H41+I41)/26)/8*R41*1.5,0) -> 171923 | T41: =VLOOKUP($B41,BCC!$B$11:$AN$1032,37,0) -> 0 | U41: =ROUND(((H41+I41)/26)/8*T41*2,0) -> 0 | V41: =IF($D41="HĐTV",(H41/26)*$O41*0.85,(H41/26)*$O41) -> 5950000 | W41: =IF($D41="HĐTV",(I41/26)*$O41*0.85,($I41/26)*$O41) -> 850000 | X41: =(J41/26)*$O41 -> 1000000 | Y41: =(K41/26)*$O41 -> 500000 | Z41: =(L41/26)*$O41 -> 300000 | AA41: =IF($D41="HĐTV",0,(M41)) -> 0 | AB41: =VLOOKUP($B41,'Bảng thông tin'!$B:$R,15,0)+VLOOKUP(B41,'Bảng thông tin'!$B:$Q,16,0) -> 0 | AC41: =+SUM(V41:AB41)+Q41+S41+U41 -> 8771923 | AD41: =IF($D41="HĐTV",0,IF(X41<=730000,X41,X41-(X41-730000))) -> 0 | AE41: =IF($D41="HĐTV",0,Z41) -> 0 | AF41: =IF($D41="HĐTV",0,IF(AA41<=(5000000/12),AA41,AA41-(AA41-(5000000/12)))) -> 0 | AG41: =+S41+U41 -> 171923 | AH41: =+SUM(AD41:AG41) -> 171923 | AI41: =IFERROR(IF($O41<14,0,$G41*17%),0) -> 0 | AJ41: =IFERROR(IF($O41<14,0,$G41*3%),0) -> 0 | AK41: =IFERROR(IF($O41<14,0,$G41*1%),0) -> 0 | AL41: =IFERROR(IF($O41<14,0,$G41*0.5%),0) -> 0 | AM41: =IFERROR(SUM(AI41:AL41),0) -> 0 | AN41: =IFERROR($G41*2%,0) -> 0 | AO41: =IFERROR(IF($O41<14,0,$G41*8%),0) -> 0 | AP41: =IFERROR(IF($O41<14,0,$G41*1.5%),0) -> 0 | AQ41: =IFERROR(IF($O41<14,0,$G41*1%),0) -> 0 | AR41: =SUM(AO41:AQ41) -> 0 | AS41: =+SUM($G$4)*0% -> 0 | AT41: =IF($D41="HĐTV",0,15500000) -> 0 | AV41: =+AU41*6200000 -> 0 | AW41: =+AT41+AV41 -> 0 | AX41: =ROUND(AC41-AH41,0) -> 8600000 | AY41: =IF(AX41-AW41-AR41-AS41<0,0,AX41-AW41-AR41-AS41) -> 8600000 | AZ41: =ROUND(IF(D41="HĐLĐ",IF(AY41<=10000000,AY41*5%,IF(AY41<=30000000,AY41*10%-500000,IF(AY41<=60000000,AY41*20%-3500000,IF(AY41<=100000000,AY41*30%-9500000,AY41*35%-14500000)))),IF(D41="HĐTV",IF(AX41<=2000000,0,AY41*10%))),0) -> 860000 | BA41: =+VLOOKUP($B41,'Bảng thông tin'!$B:$R,16,0) -> 0 | BB41: =ROUND(AC41-AZ41-AR41-AS41-BA41,0) -> 7911923
A42: 39 | B42: NV043 | C42: Lê Ái Như | D42: =+VLOOKUP($B42,'Bảng thông tin'!$B$4:$R$1002,3,0) -> HĐTV | E42: Nhân viên thử việc | F42: HCNS | H42: =+VLOOKUP($B42,'Bảng thông tin'!$B$4:$R$1002,8,0) -> 6500000 | I42: =+VLOOKUP($B42,'Bảng thông tin'!$B$4:$R$1002,9,0) -> 1000000 | J42: =+VLOOKUP($B42,'Bảng thông tin'!$B$4:$R$1002,10,0) -> 1000000 | K42: =+VLOOKUP($B42,'Bảng thông tin'!$B$4:$R$1002,11,0) -> 500000 | L42: =+VLOOKUP($B42,'Bảng thông tin'!$B$4:$R$1002,12,0) -> 400000 | M42: =+VLOOKUP($B42,'Bảng thông tin'!$B$4:$R$1002,13,0) -> 400000 | N42: =+VLOOKUP($B42,'Bảng thông tin'!$B$4:$R$1002,14,0) -> 9800000 | O42: =VLOOKUP($B42,BCC!$B$11:$AN$1032,35,0) -> 14 | P42: =VLOOKUP($B42,BCC!$B$11:$AN$1032,38,0)+VLOOKUP($B42,BCC!$B$11:$AN$1032,39,0) -> 0 | Q42: =+((H42+I42)/26)*P42 -> 0 | R42: =VLOOKUP($B42,BCC!$B$11:$AN$1032,36,0) -> 0 | S42: =ROUND(((H42+I42)/26)/8*R42*1.5,0) -> 0 | T42: =VLOOKUP($B42,BCC!$B$11:$AN$1032,37,0) -> 0 | U42: =ROUND(((H42+I42)/26)/8*T42*2,0) -> 0 | V42: =IF($D42="HĐTV",(H42/26)*$O42*0.85,(H42/26)*$O42) -> 2975000 | W42: =IF($D42="HĐTV",(I42/26)*$O42*0.85,($I42/26)*$O42) -> 457692.31 | X42: =(J42/26)*$O42 -> 538461.54 | Y42: =(K42/26)*$O42 -> 269230.77 | Z42: =(L42/26)*$O42 -> 215384.62 | AA42: =IF($D42="HĐTV",0,(M42)) -> 0 | AB42: =VLOOKUP($B42,'Bảng thông tin'!$B:$R,15,0)+VLOOKUP(B42,'Bảng thông tin'!$B:$Q,16,0) -> 0 | AC42: =+SUM(V42:AB42)+Q42+S42+U42 -> 4455769.2 | AD42: =IF($D42="HĐTV",0,IF(X42<=730000,X42,X42-(X42-730000))) -> 0 | AE42: =IF($D42="HĐTV",0,Z42) -> 0 | AF42: =IF($D42="HĐTV",0,IF(AA42<=(5000000/12),AA42,AA42-(AA42-(5000000/12)))) -> 0 | AG42: =+S42+U42 -> 0 | AH42: =+SUM(AD42:AG42) -> 0 | AI42: =IFERROR(IF($O42<14,0,$G42*17%),0) -> 0 | AJ42: =IFERROR(IF($O42<14,0,$G42*3%),0) -> 0 | AK42: =IFERROR(IF($O42<14,0,$G42*1%),0) -> 0 | AL42: =IFERROR(IF($O42<14,0,$G42*0.5%),0) -> 0 | AM42: =IFERROR(SUM(AI42:AL42),0) -> 0 | AN42: =IFERROR($G42*2%,0) -> 0 | AO42: =IFERROR(IF($O42<14,0,$G42*8%),0) -> 0 | AP42: =IFERROR(IF($O42<14,0,$G42*1.5%),0) -> 0 | AQ42: =IFERROR(IF($O42<14,0,$G42*1%),0) -> 0 | AR42: =SUM(AO42:AQ42) -> 0 | AS42: =+SUM($G$4)*0% -> 0 | AT42: =IF($D42="HĐTV",0,15500000) -> 0 | AV42: =+AU42*6200000 -> 0 | AW42: =+AT42+AV42 -> 0 | AX42: =ROUND(AC42-AH42,0) -> 4455769 | AY42: =IF(AX42-AW42-AR42-AS42<0,0,AX42-AW42-AR42-AS42) -> 4455769 | AZ42: =ROUND(IF(D42="HĐLĐ",IF(AY42<=10000000,AY42*5%,IF(AY42<=30000000,AY42*10%-500000,IF(AY42<=60000000,AY42*20%-3500000,IF(AY42<=100000000,AY42*30%-9500000,AY42*35%-14500000)))),IF(D42="HĐTV",IF(AX42<=2000000,0,AY42*10%))),0) -> 445577 | BA42: =+VLOOKUP($B42,'Bảng thông tin'!$B:$R,16,0) -> 0 | BB42: =ROUND(AC42-AZ42-AR42-AS42-BA42,0) -> 4010192
A43: 40 | B43: NV044 | C43: Ỳ Khố Lệ | D43: =+VLOOKUP($B43,'Bảng thông tin'!$B$4:$R$1002,3,0) -> HĐTV | E43: Nhân viên thử việc | F43: HCNS | H43: =+VLOOKUP($B43,'Bảng thông tin'!$B$4:$R$1002,8,0) -> 6500000 | I43: =+VLOOKUP($B43,'Bảng thông tin'!$B$4:$R$1002,9,0) -> 1000000 | J43: =+VLOOKUP($B43,'Bảng thông tin'!$B$4:$R$1002,10,0) -> 1000000 | K43: =+VLOOKUP($B43,'Bảng thông tin'!$B$4:$R$1002,11,0) -> 500000 | L43: =+VLOOKUP($B43,'Bảng thông tin'!$B$4:$R$1002,12,0) -> 400000 | M43: =+VLOOKUP($B43,'Bảng thông tin'!$B$4:$R$1002,13,0) -> 400000 | N43: =+VLOOKUP($B43,'Bảng thông tin'!$B$4:$R$1002,14,0) -> 9800000 | O43: =VLOOKUP($B43,BCC!$B$11:$AN$1032,35,0) -> 14 | P43: =VLOOKUP($B43,BCC!$B$11:$AN$1032,38,0)+VLOOKUP($B43,BCC!$B$11:$AN$1032,39,0) -> 0 | Q43: =+((H43+I43)/26)*P43 -> 0 | R43: =VLOOKUP($B43,BCC!$B$11:$AN$1032,36,0) -> 0 | S43: =ROUND(((H43+I43)/26)/8*R43*1.5,0) -> 0 | T43: =VLOOKUP($B43,BCC!$B$11:$AN$1032,37,0) -> 0 | U43: =ROUND(((H43+I43)/26)/8*T43*2,0) -> 0 | V43: =IF($D43="HĐTV",(H43/26)*$O43*0.85,(H43/26)*$O43) -> 2975000 | W43: =IF($D43="HĐTV",(I43/26)*$O43*0.85,($I43/26)*$O43) -> 457692.31 | X43: =(J43/26)*$O43 -> 538461.54 | Y43: =(K43/26)*$O43 -> 269230.77 | Z43: =(L43/26)*$O43 -> 215384.62 | AA43: =IF($D43="HĐTV",0,(M43)) -> 0 | AB43: =VLOOKUP($B43,'Bảng thông tin'!$B:$R,15,0)+VLOOKUP(B43,'Bảng thông tin'!$B:$Q,16,0) -> 0 | AC43: =+SUM(V43:AB43)+Q43+S43+U43 -> 4455769.2 | AD43: =IF($D43="HĐTV",0,IF(X43<=730000,X43,X43-(X43-730000))) -> 0 | AE43: =IF($D43="HĐTV",0,Z43) -> 0 | AF43: =IF($D43="HĐTV",0,IF(AA43<=(5000000/12),AA43,AA43-(AA43-(5000000/12)))) -> 0 | AG43: =+S43+U43 -> 0 | AH43: =+SUM(AD43:AG43) -> 0 | AI43: =IFERROR(IF($O43<14,0,$G43*17%),0) -> 0 | AJ43: =IFERROR(IF($O43<14,0,$G43*3%),0) -> 0 | AK43: =IFERROR(IF($O43<14,0,$G43*1%),0) -> 0 | AL43: =IFERROR(IF($O43<14,0,$G43*0.5%),0) -> 0 | AM43: =IFERROR(SUM(AI43:AL43),0) -> 0 | AN43: =IFERROR($G43*2%,0) -> 0 | AO43: =IFERROR(IF($O43<14,0,$G43*8%),0) -> 0 | AP43: =IFERROR(IF($O43<14,0,$G43*1.5%),0) -> 0 | AQ43: =IFERROR(IF($O43<14,0,$G43*1%),0) -> 0 | AR43: =SUM(AO43:AQ43) -> 0 | AS43: =+SUM($G$4)*0% -> 0 | AT43: =IF($D43="HĐTV",0,15500000) -> 0 | AV43: =+AU43*6200000 -> 0 | AW43: =+AT43+AV43 -> 0 | AX43: =ROUND(AC43-AH43,0) -> 4455769 | AY43: =IF(AX43-AW43-AR43-AS43<0,0,AX43-AW43-AR43-AS43) -> 4455769 | AZ43: =ROUND(IF(D43="HĐLĐ",IF(AY43<=10000000,AY43*5%,IF(AY43<=30000000,AY43*10%-500000,IF(AY43<=60000000,AY43*20%-3500000,IF(AY43<=100000000,AY43*30%-9500000,AY43*35%-14500000)))),IF(D43="HĐTV",IF(AX43<=2000000,0,AY43*10%))),0) -> 445577 | BA43: =+VLOOKUP($B43,'Bảng thông tin'!$B:$R,16,0) -> 0 | BB43: =ROUND(AC43-AZ43-AR43-AS43-BA43,0) -> 4010192
A47: TỔNG CỘNG | G47: =SUM(G4:G43) -> 291500000 | H47: =SUM(H4:H43) -> 282000000 | I47: =SUM(I4:I43) -> 32500000 | J47: =SUM(J4:J43) -> 50200000 | K47: =SUM(K4:K43) -> 20000000 | L47: =SUM(L4:L43) -> 19800000 | M47: =SUM(M4:M43) -> 15900000 | N47: =SUM(N4:N43) -> 420400000 | ... BB47: =SUM(BB4:BB43) -> 407943649
O49: =O47-BCC!AJ96 -> 980.5 | R49: =R47-BCC!AK96 -> 624.278

Sheet STK
B1: DANH SÁCH SỐ TÀI KHOẢN NHÂN VIÊN THÁNG 06.2026
B3: STT | C3: NHÂN VIÊN | D3: SỐ TÀI KHOẢN | E3: TÊN NGÂN HÀNG | F3: TỔNG LƯƠNG THỰC LĨNH
B4: 1 | C4: Phạm Đăng Anh Thư | D4: 98131868 | E4: Ngân hàng Á Châu (ACB) | F4: =VLOOKUP(C4,'Bảng tổng hợp'!$C$4:$BB$47,52,0) -> 24117962
B5: 2 | C5: Nguyễn Diệp Anh Tuấn | D5: 099181818 | E5: MB BANK | F5: =VLOOKUP(C5,'Bảng tổng hợp'!$C$4:$BB$47,52,0) -> 18530000
B6: 3 | C6: Nguyễn Diệu Quý Chi | D6: 19035479436011 | E6: Techcombank | F6: =VLOOKUP(C6,'Bảng tổng hợp'!$C$4:$BB$47,52,0) -> 10707500
B7: 4 | C7: Phạm Đăng Anh Thảo | D7: 19020400907015 | E7: Techcombank | F7: =VLOOKUP(C7,'Bảng tổng hợp'!$C$4:$BB$47,52,0) -> 9675385
B8: 5 | C8: Nguyễn Thành Long | D8: 79966886789 | E8: VP Bank | F8: =VLOOKUP(C8,'Bảng tổng hợp'!$C$4:$BB$47,52,0) -> 9945769
B9: 6 | C9: Nguyễn Thị Đài Trang | D9: 180299688 | E9: VP Bank- CN TPHCM | F9: =VLOOKUP(C9,'Bảng tổng hợp'!$C$4:$BB$47,52,0) -> 10313438
B10: 7 | C10: Lê Thị Hiếu | D10: 413731542 | E10: Vpbank | F10: =VLOOKUP(C10,'Bảng tổng hợp'!$C$4:$BB$47,52,0) -> 9997428
B11: 8 | C11: Nguyễn Thị Châu Loan | D11: 0791305596979 | E11: MB Bank | F11: =VLOOKUP(C11,'Bảng tổng hợp'!$C$4:$BB$47,52,0) -> 10499808
B12: 9 | C12: Nguyễn Văn Thái | D12: 19037500195012 | E12: Techcombank | F12: =VLOOKUP(C12,'Bảng tổng hợp'!$C$4:$BB$47,52,0) -> 10206154
B13: 10 | C13: Lê Hữu Thọ | D13: 0909800460 | E13: Ngân hành MB Bank | F13: =VLOOKUP(C13,'Bảng tổng hợp'!$C$4:$BB$47,52,0) -> 10375385
B14: 11 | C14: Dương Nhựt Thành | D14: 0909957538 | E14: MB BANK | F14: =VLOOKUP(C14,'Bảng tổng hợp'!$C$4:$BB$47,52,0) -> 8972692
B15: 12 | C15: Dương Nguyễn Anh Khoa | D15: 0881000441209 | E15: Vietcombank | F15: =VLOOKUP(C15,'Bảng tổng hợp'!$C$4:$BB$47,52,0) -> 13039892
B16: 13 | C16: Mai Hà Xuân Phúc | D16: 1900206185030 | E16: Agribank CN Mạc Thị Bưởi | F16: =VLOOKUP(C16,'Bảng tổng hợp'!$C$4:$BB$47,52,0) -> 12370385
B17: 14 | C17: Võ Thị Hoà | D17: 0051000044614 | E17: Vietcombank | F17: =VLOOKUP(C17,'Bảng tổng hợp'!$C$4:$BB$47,52,0) -> 11923570
B18: 15 | C18: Võ Thị Hoài | D18: 0913633030 | E18: Timo Digital Bank by BVBank | F18: =VLOOKUP(C18,'Bảng tổng hợp'!$C$4:$BB$47,52,0) -> 12901190
B19: 16 | C19: Cao Ngân Giang | D19: 0431000272001 | E19: Vietcombank | F19: =VLOOKUP(C19,'Bảng tổng hợp'!$C$4:$BB$47,52,0) -> 9945601
B20: 17 | C20: Lê Thị Hà | D20: 986666333398 | E20: MB Bank | F20: =VLOOKUP(C20,'Bảng tổng hợp'!$C$4:$BB$47,52,0) -> 9018348
B21: 18 | C21: Nguyễn A Khương | D21: 060255720018 | E21: Sacombank | F21: =VLOOKUP(C21,'Bảng tổng hợp'!$C$4:$BB$47,52,0) -> 8983942
B22: 19 | C22: Nguyễn Thị Minh Thoa | D22: 19038335716017 | E22: Techcombank | F22: =VLOOKUP(C22,'Bảng tổng hợp'!$C$4:$BB$47,52,0) -> 9611778
B23: 20 | C23: Du Kim Hân | D23: 01920351302 | E23: TP Bank | F23: =VLOOKUP(C23,'Bảng tổng hợp'!$C$4:$BB$47,52,0) -> 9459702
B24: 21 | C24: Đặng Thu Sương | D24: 108872533994 | E24: Vietin Bank | F24: =VLOOKUP(C24,'Bảng tổng hợp'!$C$4:$BB$47,52,0) -> 9004639
... B28: 25 | C28: Trần Thị Thanh Dung | D28: 0071001327211 | E28: Vietcombank | F28: =VLOOKUP(C28,'Bảng tổng hợp'!$C$4:$BB$47,52,0) -> 6765192
B29: 26 | C29: Vương Thị Ngọc Như | D29: 366623678 | E29: MB BANK | F29: =VLOOKUP(C29,'Bảng tổng hợp'!$C$4:$BB$47,52,0) -> 9011682
B30: 27 | C30: Tiết Trinh Nguyên | D30: 22321967 | E30: ACB | F30: =VLOOKUP(C30,'Bảng tổng hợp'!$C$4:$BB$47,52,0) -> 9472524
B31: 28 | C31: Trần Ái Nhi | D31: 19032321106013 | E31: Techcombank | F31: =VLOOKUP(C31,'Bảng tổng hợp'!$C$4:$BB$47,52,0) -> 10275096
B32: 29 | C32: Vũ Thị Loan | D32: 9999997866 | E32: TECHCOM Bank | F32: =VLOOKUP(C32,'Bảng tổng hợp'!$C$4:$BB$47,52,0) -> 9541394
B33: 30 | C33: Lê Các Anh | D33: 0251002712783 | E33: Vietcombank | F33: =VLOOKUP(C33,'Bảng tổng hợp'!$C$4:$BB$47,52,0) -> 7127290
B34: 31 | C34: Nguyễn Ngọc Bích | D34: 19035642874011 | E34: Techcombank | F34: =VLOOKUP(C34,'Bảng tổng hợp'!$C$4:$BB$47,52,0) -> 8384531
B35: 32 | C35: Nguyễn Hoàng Ngọc Châu | D35: 060191480557 | E35: Sacombank | F35: =VLOOKUP(C35,'Bảng tổng hợp'!$C$4:$BB$47,52,0) -> 9584736
B36: 33 | C36: Vũ Thị Mai Thủy | D36: 0331003906720 | E36: Vietcombank | F36: =VLOOKUP(C36,'Bảng tổng hợp'!$C$4:$BB$47,52,0) -> 12498077
B37: 34 | C37: Phạm Thị Kim Trang | D37: 19037976920017 | E37: Techcombank | F37: =VLOOKUP(C37,'Bảng tổng hợp'!$C$4:$BB$47,52,0) -> 9547693
B38: 35 | C38: Nguyễn Ngọc Hân | D38: 0768685196 | E38: VPBank | F38: =VLOOKUP(C38,'Bảng tổng hợp'!$C$4:$BB$47,52,0) -> 8454760
B39: 36 | C39: Trần Thị Ngọc Hân | D39: 0290084624444 | E39: MB BANK | F39: =VLOOKUP(C39,'Bảng tổng hợp'!$C$4:$BB$47,52,0) -> 10187188
B40: 37 | C40: Võ Thị Xuân Dung | D40: 9973958407 | E40: Techcombank | F40: =VLOOKUP(C40,'Bảng tổng hợp'!$C$4:$BB$47,52,0) -> 9764120
B41: 38 | C41: Nguyễn Thị Ngọc | D41: 1030517657 | E41: Vietcombank | F41: =VLOOKUP(C41,'Bảng tổng hợp'!$C$4:$BB$47,52,0) -> 7911923
B42: 39 | C42: Lê Ái Như | D42: 0779696682 | E42: MB BANK | F42: =VLOOKUP(C42,'Bảng tổng hợp'!$C$4:$BB$47,52,0) -> 4010192
B43: 40 | C43: Ỳ Khố Lệ | D43: 2060206 | E43: ACB | F43: =VLOOKUP(C43,'Bảng tổng hợp'!$C$4:$BB$47,52,0) -> 4010192
C45: Người lập bảng | E45: Ban Giám Đốc

Sheet BCC
A1: Công Ty TNHH Thiết Kế Thời Trang Lâu Đài Joli Poli
A2: Địa chỉ :18 Võ Văn Kiệt, Phường Bến Thành, Thành phố Hồ Chí Minh
A3: Mã số thuế : 0 3 1 8 0 8 6 0 4 8
N5: BẢNG CHẤM CÔNG
M6: Tháng | N6: 6 | O6: Năm | P6: 2026
B7: 1 | C7: 2 | D7: 3 | E7: 4 | F7: 5 | G7: 6 | H7: 7 | I7: 8 | J7: 9 | K7: 10 | L7: 11 | M7: 12 | N7: 13 | O7: 14 | P7: 15 | Q7: 16 | R7: 17 | S7: 18 | T7: 19 | U7: 20 | V7: 21 | W7: 22 | X7: 23 | Y7: 24 | Z7: 25 | AA7: 26 | AB7: 27 | AC7: 28 | AD7: 29 | AE7: 30 | AF7: 31 | AG7: 32 | AH7: 33 | AI7: 34 | AJ7: 35 | AK7: 36 | AL7: 37 | AM7: 38 | AN7: 39 | AO7: 40
A8: STT | B8: Mã NV | C8: Họ và tên | D8: Chức Vụ | E8: Ngày trong tháng | AJ8: Tổng Cộng Số Ngày Công
E9: =DATE($P$6,$N$6,1) -> 46174 | F9: =+E9+1 -> 46175 | G9: =+F9+1 -> 46176 | H9: =+G9+1 -> 46177 | I9: =+H9+1 -> 46178 | J9: =+I9+1 -> 46179 | K9: =+J9+1 -> 46180 | L9: =+K9+1 -> 46181 | M9: =+L9+1 -> 46182 | ... AF9: =+AE9+1 -> 46201 | AG9: =+IF(AF9="","",IF(EOMONTH($E$9,0)<AF9+1,"",AF9+1)) -> 46202 | AH9: =+IF(AG9="","",IF(EOMONTH($E$9,0)<AG9+1,"",AG9+1)) -> 46203 | AI9: =+IF(AH9="","",IF(EOMONTH($E$9,0)<AH9+1,"",AH9+1)) | AJ9: Ngày công bình thường | AK9: Giờ Tăng ca thường | AL9: Giờ Tăng ca ngày nghỉ | AM9: Ngày Lễ | AN9: Ngày nghỉ hưởng lương | AO9: Phép có tháng 06 | AP9: Phép còn lại | AQ9: Note
E10: =TEXT(E9,"[$-vi-VN]ddd") -> T2 | F10: =TEXT(F9,"[$-vi-VN]ddd") -> T3 | G10: =TEXT(G9,"[$-vi-VN]ddd") -> T4 | H10: =TEXT(H9,"[$-vi-VN]ddd") -> T5 | I10: =TEXT(I9,"[$-vi-VN]ddd") -> T6 | J10: =TEXT(J9,"[$-vi-VN]ddd") -> T7 | K10: =TEXT(K9,"[$-vi-VN]ddd") -> CN | L10: =TEXT(L9,"[$-vi-VN]ddd") -> T2 | ... AI10: =TEXT(AI9,"[$-vi-VN]ddd")
A11: 1 | B11: QL001 | C11: Phạm Đăng Anh Thư | D11: Giám Đốc | E11: 8 | F11: 8 | G11: 8 | H11: 8 | I11: 8 | J11: 8 | L11: 8 | M11: 8 | N11: 8 | O11: 8 | P11: 8 | Q11: 8 | S11: 8 | T11: 8 | U11: 8 | V11: 8 | W11: 8 | X11: 8 | Z11: 8 | AA11: 8 | AB11: 8 | AC11: 8 | AD11: 8 | AE11: 8 | AG11: 8 | AH11: 8 | AJ11: =ROUND(SUM(E11:AI11)/8,1) -> 26 | AK11: =SUM(F12:AJ12) -> 8 | AM11: =COUNTIF(E11:AI11,"L") -> 0 | AN11: =COUNTIF(E11:AI11,"P") -> 0 | AO11: =VLOOKUP(C11,[1]BCC!$C$6:$DJ$75,10,0) -> 6 | AP11: =AO11-AN11 -> 6
AF12: 8
A13: 2 | B13: QL002 | C13: Nguyễn Diệp Anh Tuấn | D13: Giám Đốc Tài Chính | E13: 8 | F13: 8 | G13: 8 | H13: 8 | I13: 8 | J13: 8 | L13: 8 | M13: 8 | N13: 8 | O13: 8 | P13: 8 | Q13: 8 | S13: 8 | T13: 8 | U13: 8 | V13: 8 | W13: 8 | X13: 8 | Z13: 8 | AA13: 8 | AB13: 8 | AC13: 8 | AD13: 8 | AE13: 8 | AG13: 8 | AH13: 8 | AJ13: =ROUND(SUM(E13:AI13)/8,1) -> 26 | AK13: =SUM(F14:AJ14) -> 0 | AM13: =COUNTIF(E13:AI13,"L") -> 0 | AN13: =COUNTIF(E13:AI13,"P") -> 0 | AO13: =VLOOKUP(C13,[1]BCC!$C$6:$DJ$75,10,0) -> 6 | AP13: =AO13-AN13 -> 6
A15: =+A13+1 -> 3 | B15: NV003 | C15: Nguyễn Diệu Quý Chi | D15: Trưởng phòng | E15: 8 | F15: 8 | G15: 8 | H15: 8 | I15: 8 | J15: 8 | L15: 8 | M15: 8 | N15: 8 | O15: 8 | P15: 8 | Q15: 8 | S15: 8 | T15: 8 | U15: 8 | V15: 8 | W15: 8 | X15: 8 | Z15: 8 | AA15: 8 | AB15: 8 | AC15: 8 | AD15: 8 | AE15: 8 | AG15: 8 | AH15: 8 | AJ15: =ROUND(SUM(E15:AI15)/8,1) -> 26 | AK15: =SUM(F16:AJ16) -> 0 | AM15: =COUNTIF(E15:AI15,"L") -> 0 | AN15: =COUNTIF(E15:AI15,"P") -> 0 | AO15: =VLOOKUP(C15,[1]BCC!$C$6:$DJ$75,10,0) -> 6 | AP15: =AO15-AN15 -> 6
A17: =+A15+1 -> 4 | B17: NV004 | C17: Phạm Đăng Anh Thảo | D17: Phó phòng | E17: 8 | F17: 8 | G17: 8 | H17: 8 | I17: 8 | J17: 8 | L17: 8 | M17: 8 | N17: 8 | O17: 8 | P17: 8 | Q17: 8 | S17: 8 | T17: 8 | U17: 8 | V17: 8 | W17: 8 | X17: 8 | Z17: 8 | AA17: 8 | AB17: 8 | AC17: 8 | AD17: 8 | AE17: P | AG17: 8 | AH17: 8 | AJ17: =ROUND(SUM(E17:AI17)/8,1) -> 25 | AK17: =SUM(F18:AJ18) -> 0 | AM17: =COUNTIF(E17:AI17,"L") -> 0 | AN17: =COUNTIF(E17:AI17,"P") -> 1 | AO17: =VLOOKUP(C17,[1]BCC!$C$6:$DJ$75,10,0) -> 2 | AP17: =AO17-AN17 -> 1
A19: =+A17+1 -> 5 | B19: NV011 | C19: Nguyễn Thành Long | D19: Nhân viên | E19: 8 | F19: 8 | G19: 8 | H19: 8 | I19: 8 | J19: 8 | L19: 8 | M19: 8 | N19: 8 | O19: 8 | P19: 8 | Q19: 8 | S19: 8 | T19: 8 | U19: 8 | V19: 8 | W19: 8 | X19: 8 | Z19: 8 | AA19: 8 | AB19: 8 | AC19: 8 | AD19: 8 | AE19: 8 | AG19: 8 | AH19: 8 | AJ19: =ROUND(SUM(E19:AI19)/8,1) -> 26 | AK19: =SUM(F20:AJ20)-AL19 -> 8 | AL19: =R20+Y20 -> 16 | AM19: =COUNTIF(E19:AI19,"L") -> 0 | AN19: =COUNTIF(E19:AI19,"P") -> 0 | AO19: 0 | AP19: =AO19-AN19 -> 0
R20: 8 | Y20: 8 | AD20: 2 | AE20: 2 | AG20: 2 | AH20: 2
A21: =+A19+1 -> 6 | B21: NV012 | C21: Nguyễn Thị Đài Trang | D21: Nhân viên | E21: 8 | G21: 8 | H21: 8 | I21: 8 | J21: 8 | K21: 8 | L21: 8 | N21: 8 | O21: 8 | P21: 8 | Q21: 8 | R21: 8 | S21: 8 | U21: 8 | V21: 8 | W21: 8 | X21: 8 | Y21: 8 | Z21: 8 | AA21: 8 | AB21: 8 | AC21: 8 | AD21: 8 | AE21: 8 | AG21: 8 | AH21: 8 | AJ21: =ROUND(SUM(E21:AI21)/8,1) -> 26 | AK21: =SUM(F22:AJ22)-AL21 -> 25.95 | AL21: 8 | AM21: =COUNTIF(E21:AI21,"L") -> 0 | AN21: =COUNTIF(E21:AI21,"P") -> 0 | AO21: =VLOOKUP(C21,[1]BCC!$C$6:$DJ$75,10,0) -> 4 | AP21: =AO21-AN21 -> 4
P22: 3.5 | R22: 3.05 | T22: 8 | U22: 2 | W22: 4 | X22: 1.12 | AB22: 2 | AC22: 2.28 | AF22: 8
A23: =+A21+1 -> 7 | B23: NV027 | C23: Lê Thị Hiếu | D23: Nhân viên | E23: 8 | F23: 8 | G23: 8 | H23: 8 | I23: 8 | J23: 8 | L23: 8 | M23: 8 | N23: 8 | O23: 8 | P23: 8 | Q23: 8 | S23: 8 | T23: 8 | U23: 8 | V23: 8 | W23: 8 | X23: 8 | Z23: 8 | AA23: 8 | AB23: 8 | AC23: 8 | AD23: 8 | AE23: 8 | AG23: 8 | AH23: 8 | AJ23: =ROUND(SUM(E23:AI23)/8,1) -> 26 | AK23: =SUM(F24:AJ24)-AL23 -> 8.25 | AL23: =R24+AF24 -> 16.58 | AM23: =COUNTIF(E23:AI23,"L") -> 0 | AN23: =COUNTIF(E23:AI23,"P") -> 0 | AO23: =VLOOKUP(C23,[1]BCC!$C$6:$DJ$75,10,0) -> 1 | AP23: =AO23-AN23 -> 1
G24: 0.6 | H24: 2 | I24: 3.5 | J24: 1.37 | L24: 0.78 | R24: 8.58 | AF24: 8
A25: =+A23+1 -> 8 | B25: NV001 | C25: Nguyễn Thị Châu Loan | D25: Trưởng phòng | E25: P | F25: P | G25: 8 | H25: 8 | I25: 8 | J25: 8 | L25: 8 | M25: 8 | N25: 8 | O25: 8 | P25: 8 | Q25: 8 | S25: 8 | T25: 8 | U25: 8 | V25: 8 | W25: 8 | X25: 8 | Z25: 8 | AA25: 8 | AB25: 8 | AC25: 8 | AD25: 8 | AE25: 8 | AG25: 8 | AH25: 8 | AJ25: =ROUND(SUM(E25:AI25)/8,1) -> 24 | AK25: =SUM(F26:AJ26) -> 0 | AM25: =COUNTIF(E25:AI25,"L") -> 0 | AN25: =COUNTIF(E25:AI25,"P") -> 2 | AO25: =VLOOKUP(C25,[1]BCC!$C$6:$DJ$75,10,0) -> 6 | AP25: =AO25-AN25 -> 4
A27: =A25+1 -> 9 | B27: NV005 | C27: Nguyễn Văn Thái | D27: Phó phòng | E27: 8 | F27: 8 | G27: 8 | H27: 8 | I27: 8 | J27: 8 | L27: 8 | M27: 8 | N27: 8 | O27: 8 | P27: 8 | Q27: 8 | S27: 8 | T27: 8 | U27: P | V27: 8 | W27: 8 | X27: P | Z27: 8 | AA27: 8 | AB27: 8 | AC27: 8 | AD27: 8 | AE27: 8 | AG27: 8 | AH27: 8 | AJ27: =ROUND(SUM(E27:AI27)/8,1) -> 24 | AK27: 0 | AL27: 8 | AM27: =COUNTIF(E27:AI27,"L") -> 0 | AN27: =COUNTIF(E27:AI27,"P") -> 2 | AO27: =VLOOKUP(C27,[1]BCC!$C$6:$DJ$75,10,0) -> 5 | AP27: =AO27-AN27 -> 3
AF28: 8
A29: =A27+1 -> 10 | B29: NV010 | C29: Lê Hữu Thọ | D29: Thủ kho trưởng | E29: 8 | F29: 8 | G29: 8 | H29: 8 | I29: 8 | J29: 8 | L29: 8 | M29: 8 | N29: 8 | O29: 8 | P29: 8 | Q29: 8 | S29: 8 | T29: 8 | U29: 8 | V29: 8 | W29: 8 | X29: 8 | Z29: 8 | AA29: 8 | AB29: 8 | AC29: 8 | AD29: 8 | AE29: 8 | AG29: 8 | AH29: 8 | AJ29: =ROUND(SUM(E29:AI29)/8,1) -> 26 | AK29: 0 | AL29: 8 | AM29: =COUNTIF(E29:AI29,"L") -> 0 | AN29: =COUNTIF(E29:AI29,"P") -> 0 | AO29: =VLOOKUP(C29,[1]BCC!$C$6:$DJ$75,10,0) -> 6 | AP29: =AO29-AN29 -> 6
AF30: 8
A31: =A29+1 -> 11 | B31: NV020 | C31: Dương Nhựt Thành | D31: Nhân viên | E31: 8 | F31: 8 | G31: 8 | H31: 8 | I31: 8 | J31: 8 | L31: 8 | M31: 8 | N31: 8 | O31: 8 | P31: 8 | Q31: 8 | S31: 8 | T31: 8 | U31: 8 | V31: 8 | W31: 8 | X31: P | Z31: P | AA31: 8 | AB31: 8 | AC31: 8 | AD31: 8 | AE31: 8 | AG31: 8 | AH31: 8 | AJ31: =ROUND(SUM(E31:AI31)/8,1) -> 24 | AK31: =SUM(F32:AJ32) -> 0 | AM31: =COUNTIF(E31:AI31,"L") -> 0 | AN31: =COUNTIF(E31:AI31,"P") -> 2 | AO31: =VLOOKUP(C31,[1]BCC!$C$6:$DJ$75,10,0) -> 5 | AP31: =AO31-AN31 -> 3
A33: =A31+1 -> 12 | B33: NV006 | C33: Dương Nguyễn Anh Khoa | D33: Trưởng phòng | E33: 8 | F33: 8 | G33: 8 | H33: 8 | I33: 8 | J33: 8 | L33: 8 | M33: 8 | N33: 8 | O33: 8 | P33: 8 | Q33: 8 | S33: 8 | T33: 8 | U33: 8 | V33: 8 | W33: 8 | X33: 8 | Z33: 8 | AA33: 8 | AB33: 8 | AC33: 8 | AD33: 8 | AE33: 8 | AG33: 8 | AH33: 8 | AJ33: =ROUND(SUM(E33:AI33)/8,1) -> 26 | AK33: =SUM(F34:AI34) -> 38.05 | AM33: =COUNTIF(E33:AI33,"L") -> 0 | AN33: =COUNTIF(E33:AI33,"P") -> 0 | AO33: =VLOOKUP(C33,[1]BCC!$C$6:$DJ$75,10,0) -> 5 | AP33: =AO33-AN33 -> 5
L34: 2.83 | M34: 3.45 | N34: 2.75 | Q34: 2.93 | S34: 2.45 | V34: 2.47 | W34: 2.45 | X34: 1 | Z34: 2.72 | AA34: 3 | AB34: 3 | AC34: 3 | AD34: 3 | AE34: 3
A35: =A33+1 -> 13 | B35: NV007 | C35: Mai Hà Xuân Phúc | D35: Phó phòng | E35: 8 | F35: 8 | G35: 8 | H35: 8 | I35: 8 | J35: 8 | L35: 8 | M35: 8 | N35: 8 | O35: 8 | P35: 8 | Q35: 8 | S35: 8 | T35: 8 | U35: 8 | V35: 8 | W35: 8 | X35: 8 | Z35: 8 | AA35: 8 | AB35: 8 | AC35: 8 | AD35: 8 | AE35: 8 | AG35: 8 | AH35: 8 | AJ35: =ROUND(SUM(E35:AI35)/8,1) -> 26 | AK35: =SUM(F36:AJ36)-8 -> 34.58 | AL35: 8 | AM35: =COUNTIF(E35:AI35,"L") -> 0 | AN35: =COUNTIF(E35:AI35,"P") -> 0 | AO35: =VLOOKUP(C35,[1]BCC!$C$6:$DJ$75,10,0) -> 4 | AP35: =AO35-AN35 -> 4
E36: 2.78 | F36: 1.55 | G36: 2.5 | H36: 3.45 | I36: 3.45 | L36: 2.65 | M36: 2.35 | N36: 2.77 | Q36: 2.77 | S36: 2.77 | V36: 3.45 | W36: 3.13 | X36: 1.07 | Z36: 2.67 | AF36: 8
A37: =A35+1 -> 14 | B37: NV015 | C37: Võ Thị Hoà | D37: Tổ trưởng tổ 1 | E37: 8 | F37: 8 | G37: 8 | H37: 8 | I37: 8 | J37: 8 | L37: 8 | M37: 8 | N37: 8 | O37: 8 | P37: 8 | Q37: 8 | S37: 8 | T37: 8 | U37: 8 | V37: 8 | W37: 8 | X37: 8 | Z37: 8 | AA37: 8 | AB37: 8 | AC37: 8 | AD37: 8 | AE37: 8 | AG37: 8 | AH37: 8 | AJ37: =ROUND(SUM(E37:AI37)/8,1) -> 26 | AK37: =SUM(F38:AJ38) -> 21.47 | AM37: =COUNTIF(E37:AI37,"L") -> 0 | AN37: =COUNTIF(E37:AI37,"P") -> 0 | AO37: =VLOOKUP(C37,[1]BCC!$C$6:$DJ$75,10,0) -> 1 | AP37: =AO37-AN37 -> 1
E38: 3.45 | H38: 3.8 | I38: 3.45 | L38: 3.9 | P38: 3.32 | AC38: 2 | AD38: 3.3 | AE38: 1.7
A39: =A37+1 -> 15 | B39: NV021 | C39: Võ Thị Hoài | D39: Tổ trưởng tổ 2 | E39: 8 | F39: 8 | G39: 8 | H39: P | I39: 8 | J39: 8 | L39: 8 | M39: 8 | N39: 8 | O39: 8 | P39: 8 | Q39: 8 | S39: 8 | T39: 8 | U39: 8 | V39: 8 | W39: 8 | X39: 8 | Z39: 8 | AA39: 8 | AB39: 8 | AC39: 8 | AD39: 8 | AE39: 8 | AG39: 8 | AH39: 8 | AJ39: =ROUND(SUM(E39:AI39)/8,1) -> 25 | AK39: =SUM(F40:AJ40) -> 39.05 | AM39: =COUNTIF(E39:AI39,"L") -> 0 | AN39: =COUNTIF(E39:AI39,"P") -> 1 | AO39: =VLOOKUP(C39,[1]BCC!$C$6:$DJ$75,10,0) -> 6 | AP39: =AO39-AN39 -> 5
E40: 2.07 | G40: 2.08 | L40: 2.1 | M40: 2.1 | N40: 2.12 | O40: 2.02 | P40: 2.17 | S40: 2.82 | V40: 4 | X40: 2.5 | Z40: 3.68 | AA40: 3.08 | AB40: 2.38 | AC40: 4 | AD40: 4
A41: =A39+1 -> 16 | B41: NV016 | C41: Cao Ngân Giang | D41: Nhân viên | E41: 8 | F41: 8 | G41: 8 | H41: 8 | I41: 8 | J41: 8 | L41: 8 | M41: 8 | N41: 8 | O41: 8 | P41: 8 | Q41: 8 | S41: 8 | T41: 8 | U41: 8 | V41: 8 | W41: 8 | X41: 8 | Z41: 8 | AA41: 8 | AB41: 8 | AC41: 8 | AD41: 8 | AE41: 8 | AG41: 8 | AH41: 8 | AJ41: =ROUND(SUM(E41:AI41)/8,1) -> 26 | AK41: =SUM(F42:AJ42) -> 29.33 | AM41: =COUNTIF(E41:AI41,"L") -> 0 | AN41: =COUNTIF(E41:AI41,"P") -> 0 | AO41: =VLOOKUP(C41,[1]BCC!$C$6:$DJ$75,10,0) -> 6 | AP41: =AO41-AN41 -> 6
G42: 0.53 | I42: 0.6 | Q42: 1.67 | T42: 3.05 | U42: 2.58 | W42: 3.02 | X42: 1.03 | Y42: 9.15 | AA42: 2.52 | AB42: 4 | AE42: 1.18
A43: =A41+1 -> 17 | B43: NV017 | C43: Lê Thị Hà | D43: Nhân viên | E43: =VLOOKUP(C43,[1]BCC!$C$6:$AT$75,15,0) -> 8 | F43: 8 | G43: 8 | H43: 8 | I43: 8 | J43: 8 | L43: 8 | M43: 8 | N43: 8 | O43: P | P43: 8 | Q43: 8 | S43: 8 | T43: 8 | U43: 8 | V43: 8 | W43: 8 | X43: 8 | Z43: 8 | AA43: 8 | AB43: 8 | AC43: 8 | AD43: 8 | AE43: 8 | AG43: 8 | AH43: 8 | AJ43: =ROUND(SUM(E43:AI43)/8,1) -> 25 | AK43: =SUM(F44:AJ44) -> 12.333 | AM43: =COUNTIF(E43:AI43,"L") -> 0 | AN43: =COUNTIF(E43:AI43,"P") -> 1 | AO43: =VLOOKUP(C43,[1]BCC!$C$6:$DJ$75,10,0) -> 5 | AP43: =AO43-AN43 -> 4
V44: 3.8 | AA44: 2.513 | AC44: 3.02 | AD44: 3
A45: =A43+1 -> 18 | B45: NV018 | C45: Nguyễn A Khương | D45: Nhân viên | E45: 8 | F45: 8 | G45: 8 | H45: 8 | I45: 8 | J45: 8 | L45: 8 | M45: 8 | N45: 8 | O45: 8 | P45: 8 | Q45: 8 | S45: 8 | T45: 8 | U45: 8 | V45: 8 | W45: 8 | X45: 8 | Z45: 8 | AA45: 8 | AB45: 8 | AC45: 8 | AD45: 8 | AE45: 8 | AG45: 8 | AH45: 8 | AJ45: =ROUND(SUM(E45:AI45)/8,1) -> 26 | AK45: =SUM(E46:AJ46) -> 10.28 | AM45: =COUNTIF(E45:AI45,"L") -> 0 | AN45: =COUNTIF(E45:AI45,"P") -> 0 | AO45: =VLOOKUP(C45,[1]BCC!$C$6:$DJ$75,10,0) -> 6 | AP45: =AO45-AN45 -> 6
AA46: 2.2 | AB46: 2.8 | AC46: 3 | AD46: 2.28
A47: =A45+1 -> 19 | B47: NV019 | C47: Nguyễn Thị Minh Thoa | D47: Nhân viên | E47: 8 | F47: 8 | G47: 8 | H47: 8 | I47: 8 | J47: 8 | L47: 8 | M47: 8 | N47: 8 | O47: 8 | P47: 8 | Q47: P | S47: 8 | T47: 8 | U47: 8 | V47: 8 | W47: 8 | X47: 8 | Z47: 8 | AA47: 8 | AB47: 8 | AC47: 8 | AD47: 8 | AE47: P | AG47: 8 | AH47: 8 | AJ47: =ROUND(SUM(E47:AI47)/8,1) -> 24 | AK47: =SUM(E48:AJ48) -> 25.46 | AM47: =COUNTIF(E47:AI47,"L") -> 0 | AN47: =COUNTIF(E47:AI47,"P") -> 2 | AO47: =VLOOKUP(C47,[1]BCC!$C$6:$DJ$75,10,0) -> 2 | AP47: =AO47-AN47 -> 0
L48: 1.81 | M48: 3.4 | T48: 3.05 | U48: 3.58 | V48: 3.15 | W48: 3.48 | AB48: 1.37 | AC48: 3 | AD48: 2.62
A49: =A47+1 -> 20 | B49: NV022 | C49: Du Kim Hân | D49: Nhân viên | E49: 8 | F49: 8 | G49: P | H49: 8 | I49: 8 | J49: 8 | L49: 8 | M49: 8 | N49: 8 | O49: 8 | P49: 8 | Q49: 8 | S49: 8 | T49: 8 | U49: 8 | V49: 8 | W49: 8 | X49: 8 | Z49: 8 | AA49: 8 | AB49: 8 | AC49: 8 | AD49: 8 | AE49: 8 | AG49: 8 | AH49: 8 | AJ49: =ROUND(SUM(E49:AI49)/8,1) -> 25 | AK49: =SUM(E50:AJ50) -> 21.076 | AM49: =COUNTIF(E49:AI49,"L") -> 0 | AN49: =COUNTIF(E49:AI49,"P") -> 1 | AO49: =VLOOKUP(C49,[1]BCC!$C$6:$DJ$75,10,0) -> 1 | AP49: =AO49-AN49 -> 0
O50: 2 | P50: 2.67 | U50: 2.68 | V50: 2.22 | W50: 2 | X50: 3.726 | AB50: 1.13 | AC50: 3.02 | AD50: 1.63
A51: =A49+1 -> 21 | B51: NV023 | C51: Đặng Thu Sương | D51: Nhân viên | E51: 8 | F51: 8 | G51: 8 | H51: 8 | I51: 8 | J51: 8 | L51: 8 | M51: 8 | N51: 8 | O51: 8 | P51: 8 | Q51: 8 | S51: 8 | T51: 8 | U51: 8 | V51: 8 | W51: 8 | X51: 8 | Z51: 8 | AA51: 8 | AB51: 8 | AC51: 8 | AD51: 8 | AE51: 8 | AG51: 8 | AH51: 8 | AJ51: =ROUND(SUM(E51:AI51)/8,1) -> 26 | AK51: =SUM(E52:AJ52) -> 10.69 | AM51: =COUNTIF(E51:AI51,"L") -> 0 | AN51: =COUNTIF(E51:AI51,"P") -> 0 | AO51: =VLOOKUP(C51,[1]BCC!$C$6:$DJ$75,10,0) -> 1 | AP51: =AO51-AN51 -> 1
P52: 2.68 | V52: 2.22 | AB52: 1.13 | AC52: 3.03 | AD52: 1.63
A53: =A51+1 -> 22 | B53: NV025 | C53: Ngô Hồng Thắm | D53: Nhân viên | E53: 8 | F53: 8 | G53: 8 | H53: 8 | I53: 8 | J53: 8 | L53: 8 | M53: 8 | N53: 8 | O53: 8 | P53: 8 | Q53: 8 | S53: 8 | T53: 8 | U53: 8 | V53: 8 | W53: 8 | X53: 8 | Z53: 8 | AA53: 8 | AB53: 8 | AC53: 8 | AD53: 8 | AE53: 8 | AG53: 8 | AH53: 8 | AJ53: =ROUND(SUM(E53:AI53)/8,1) -> 26 | AK53: =SUM(E54:AJ54) -> 19.65 | AM53: =COUNTIF(E53:AI53,"L") -> 0 | AN53: =COUNTIF(E53:AI53,"P") -> 0 | AO53: 4 | AP53: 4
Q54: 2 | R54: 2.65 | U54: 2.5 | V54: 2.5 | Z54: 2.5 | AA54: 2.5 | AB54: 2 | AD54: 1.98 | AE54: 1.02
A55: =A53+1 -> 23 | B55: NV026 | C55: Trần Thị Tú Anh | D55: Nhân viên | E55: 8 | F55: 8 | G55: P | H55: P | I55: P | J55: 8 | L55: 8 | M55: 8 | N55: 8 | O55: 8 | P55: 8 | Q55: 8 | S55: 8 | T55: 8 | U55: 8 | V55: 8 | W55: 8 | X55: 8 | Z55: 8 | AA55: 8 | AB55: 8 | AC55: 8 | AD55: 8 | AE55: 8 | AG55: 8 | AH55: 8 | AJ55: =ROUND(SUM(E55:AI55)/8,1) -> 23 | AK55: =SUM(E56:AJ56) -> 36.62 | AM55: =COUNTIF(E55:AI55,"L") -> 0 | AN55: =COUNTIF(E55:AI55,"P") -> 3 | AO55: =VLOOKUP(C55,[1]BCC!$C$6:$DJ$75,10,0) -> 5 | AP55: =AO55-AN55 -> 2
J56: 2.8 | L56: 1.35 | N56: 3.47 | O56: 3.47 | P56: 2.73 | U56: 1.98 | V56: 3.47 | W56: 3.47 | AB56: 3 | AC56: 2.88 | AD56: 4 | AE56: 4
A57: =+A55+1 -> 24 | B57: NV024 | C57: Trần Tuấn Kiệt | D57: Trưởng phòng | E57: 8 | F57: 8 | G57: 8 | H57: 8 | I57: 8 | J57: 8 | L57: 8 | M57: 8 | N57: 8 | O57: 8 | P57: 8 | Q57: 8 | S57: 8 | T57: 8 | U57: 8 | V57: 8 | W57: 8 | X57: 8 | Z57: 8 | AA57: 8 | AB57: 8 | AC57: 8 | AD57: 8 | AE57: 8 | AG57: 8 | AH57: 8 | AJ57: =ROUND(SUM(E57:AI57)/8,1) -> 26 | AK57: =SUM(E58:AJ58) -> 16.74 | AM57: =COUNTIF(E57:AI57,"L") -> 0 | AN57: =COUNTIF(E57:AI57,"P") -> 0 | AO57: =VLOOKUP(C57,[1]BCC!$C$6:$DJ$75,10,0) -> 6 | AP57: =AO57-AN57 -> 6
K58: 7.62 | N58: 3.02 | O58: 0.85 | P58: 3.1 | Z58: 1.57 | AC58: 0.58
A59: =+A57+1 -> 25 | B59: NV009 | C59: Trần Thị Thanh Dung | D59: Kế toán | E59: 8 | F59: 8 | G59: 8 | H59: 8 | I59: 8 | J59: 8 | L59: 8 | M59: 8 | N59: 8 | O59: 8 | P59: 8 | Q59: 8 | S59: 8 | T59: 8 | U59: 8 | V59: 8 | W59: 8 | AJ59: =ROUND(SUM(E59:AI59)/8,1) -> 17 | AK59: =SUM(E60:AJ60) -> 0 | AM59: =COUNTIF(E59:AI59,"L") -> 0 | AN59: =COUNTIF(E59:AI59,"P") -> 0 | AO59: =VLOOKUP(C59,[1]BCC!$C$6:$DJ$75,10,0) -> 3 | AP59: =AO59-AN59 -> 3
A61: =+A59+1 -> 26 | B61: NV030 | C61: Vương Thị Ngọc Như | D61: Nhân viên | E61: 8 | F61: 8 | G61: 8 | H61: 8 | I61: P | J61: P | K61: 8 | L61: 8 | M61: 8 | O61: 8 | P61: 8 | Q61: 8 | R61: 8 | S61: 8 | T61: 8 | U61: 8 | V61: 8 | W61: 8 | X61: 8 | Y61: 8 | Z61: 8 | AA61: 8 | AB61: 8 | AD61: 8 | AE61: 8 | AF61: 8 | AG61: 8 | AH61: 8 | AJ61: =ROUND(SUM(E61:AI61)/8,1) -> 26 | AK61: =SUM(E62:AJ62) -> 38.83 | AM61: =COUNTIF(E61:AI61,"L") -> 0 | AN61: =COUNTIF(E61:AI61,"P") -> 2 | AO61: =VLOOKUP(C61,[1]BCC!$C$6:$DJ$75,10,0) -> 3 | AP61: =AO61-AN61 -> 1
N62: 8 | Q62: 2 | R62: 3.1 | Y62: 0.5 | AC62: 8 | AD62: 3.5 | AE62: 3.28 | AF62: 2.45 | AG62: 4 | AH62: 4
A63: =+A61+1 -> 27 | B63: NV031 | C63: Tiết Trinh Nguyên | D63: Nhân viên | E63: P | F63: 8 | G63: 8 | H63: 8 | I63: 8 | J63: 8 | L63: 8 | M63: 8 | N63: 8 | O63: 8 | P63: 8 | Q63: 8 | S63: 8 | T63: 8 | U63: 8 | V63: 8 | W63: 8 | X63: 8 | Z63: 8 | AA63: 8 | AB63: 8 | AC63: 8 | AD63: 8 | AE63: 8 | AG63: 8 | AH63: 8 | AJ63: =ROUND(SUM(E63:AI63)/8,1) -> 25 | AK63: =SUM(E64:AJ64) -> 21.33 | AM63: =COUNTIF(E63:AI63,"L") -> 0 | AN63: =COUNTIF(E63:AI63,"P") -> 1 | AO63: =VLOOKUP(C63,[1]BCC!$C$6:$DJ$75,10,0) -> 3 | AP63: =AO63-AN63 -> 2
I64: 1 | T64: 1 | U64: 1 | W64: 4 | X64: 3 | Z64: 1.08 | AA64: 2 | AC64: 1.25 | AD64: 3 | AE64: 4
A65: =+A63+1 -> 28 | B65: NV032 | C65: Trần Ái Nhi | D65: Nhân viên | E65: 8 | F65: P | G65: 8 | H65: P | I65: 8 | J65: 8 | L65: 8 | M65: 8 | N65: 8 | O65: 8 | P65: 8 | Q65: 8 | S65: 8 | T65: 8 | U65: 8 | V65: 8 | W65: 8 | X65: 8 | Z65: 8 | AA65: 8 | AB65: 8 | AC65: 8 | AD65: 8 | AE65: 8 | AG65: 8 | AH65: 8 | AJ65: =ROUND(SUM(E65:AI65)/8,1) -> 24 | AK65: =SUM(E66:AJ66) -> 38.6 | AM65: =COUNTIF(E65:AI65,"L") -> 0 | AN65: =COUNTIF(E65:AI65,"P") -> 2 | AO65: =VLOOKUP(C65,[1]BCC!$C$6:$DJ$75,10,0) -> 3 | AP65: =AO65-AN65 -> 1
E66: 2.05 | G66: 2.07 | L66: 2.1 | M66: 2.08 | N66: 2.12 | O66: 2.02 | P66: 2.17 | Q66: 2.12 | S66: 2.28 | T66: 2.65 | U66: 1.1 | V66: 2.07 | W66: 0.6 | X66: 1.25 | AA66: 2.5 | AB66: 2.37 | AC66: 3.28 | AD66: 1.65 | AH66: 2.12
A67: =+A65+1 -> 29 | B67: NV033 | C67: Vũ Thị Loan | D67: Nhân viên | E67: 8 | F67: 8 | G67: 8 | H67: 8 | I67: 8 | J67: 8 | L67: 8 | M67: 8 | N67: 8 | O67: 8 | P67: 8 | Q67: 8 | S67: 8 | T67: 8 | U67: 8 | V67: 8 | W67: 8 | X67: 8 | Z67: 8 | AA67: 8 | AB67: 8 | AC67: 8 | AD67: 8 | AE67: 8 | AG67: 8 | AH67: 8 | AJ67: =ROUND(SUM(E67:AI67)/8,1) -> 26 | AK67: =SUM(E68:AJ68) -> 15.38 | AM67: =COUNTIF(E67:AI67,"L") -> 0 | AN67: =COUNTIF(E67:AI67,"P") -> 0 | AO67: =VLOOKUP(C67,[1]BCC!$C$6:$DJ$75,10,0) -> 3 | AP67: =AO67-AN67 -> 3
Q68: 2.33 | W68: 3.02 | X68: 3.45 | AB68: 3.42 | AC68: 3.16
A69: =+A67+1 -> 30 | B69: NV034 | C69: Lê Các Anh | D69: Nhân viên | E69: 4 | F69: 8 | G69: 8 | H69: 8 | I69: 8 | J69: 8 | L69: 8 | M69: N | N69: 8 | O69: 8 | P69: 8 | Q69: 8 | S69: 8 | T69: 8 | U69: N | V69: 8 | W69: N | X69: N | Z69: 8 | AA69: 8 | AB69: 8 | AC69: 8 | AD69: 8 | AE69: 8 | AG69: 8 | AH69: 8 | AJ69: =ROUND(SUM(E69:AI69)/8,1) -> 21.5 | AK69: =SUM(E70:AJ70) -> 11.655 | AM69: =COUNTIF(E69:AI69,"L") -> 0 | AN69: =COUNTIF(E69:AI69,"P") -> 0 | AO69: =VLOOKUP(C69,[1]BCC!$C$6:$DJ$75,10,0) -> 3 | AP69: =AO69-AN69 -> 3
O70: 3 | P70: 3 | AC70: 2.4 | AD70: 2 | AE70: 1.255
A71: =+A69+1 -> 31 | B71: NV035 | C71: Nguyễn Ngọc Bích | D71: Nhân viên | E71: 8 | F71: 8 | G71: 8 | H71: 8 | I71: 8 | J71: 8 | L71: 8 | M71: 8 | N71: 8 | O71: 8 | P71: 8 | Q71: 8 | S71: 8 | T71: 8 | U71: 8 | V71: 8 | W71: 8 | X71: 8 | Z71: 8 | AA71: 8 | AB71: 8 | AC71: 8 | AD71: 8 | AE71: 8 | AG71: 8 | AH71: 8 | AJ71: =ROUND(SUM(E71:AI71)/8,1) -> 26 | AK71: =SUM(E72:AJ72) -> 7.83 | AM71: =COUNTIF(E71:AI71,"L") -> 0 | AN71: =COUNTIF(E71:AI71,"P") -> 0 | AO71: =VLOOKUP(C71,[1]BCC!$C$6:$DJ$75,10,0) -> 3 | AP71: =AO71-AN71 -> 3
AC72: 1.1 | AD72: 3.73 | AE72: 3
A73: =+A71+1 -> 32 | B73: NV036 | C73: Nguyễn Hoàng Ngọc Châu | D73: Nhân viên | E73: 8 | F73: 8 | G73: 8 | H73: 8 | I73: 8 | J73: 8 | L73: 8 | M73: 8 | N73: 8 | O73: 8 | P73: 8 | Q73: 8 | S73: 8 | T73: 8 | U73: 8 | V73: 8 | W73: 8 | X73: 8 | Z73: 8 | AA73: 8 | AB73: 8 | AC73: 8 | AD73: 8 | AE73: 8 | AG73: 8 | AH73: 8 | AJ73: =ROUND(SUM(E73:AI73)/8,1) -> 26 | AK73: =SUM(E74:AJ74) -> 10.58 | AM73: =COUNTIF(E73:AI73,"L") -> 0 | AN73: =COUNTIF(E73:AI73,"P") -> 0 | AO73: =VLOOKUP(C73,[1]BCC!$C$6:$DJ$75,10,0) -> 1 | AP73: =AO73-AN73 -> 1
E74: 0.57 | F74: 0.7 | G74: 1.1 | H74: 0.52 | L74: 0.6 | O74: 1.02 | P74: 2.07 | AD74: 2 | AE74: 2
A75: =+A73+1 -> 33 | B75: NV037 | C75: Vũ Thị Mai Thủy | D75: Kế Toán Trưởng | E75: 8 | F75: 8 | G75: 8 | H75: 8 | I75: 8 | J75: 8 | L75: 8 | M75: 8 | N75: 8 | O75: 8 | P75: 8 | Q75: 8 | S75: 8 | T75: P | U75: 8 | V75: 8 | W75: 8 | X75: 8 | Z75: 8 | AA75: 8 | AB75: 8 | AC75: 8 | AD75: 8 | AE75: 8 | AG75: 8 | AH75: 8 | AJ75: =ROUND(SUM(E75:AI75)/8,1) -> 25 | AK75: =SUM(E76:AJ76) -> 6.32 | AM75: =COUNTIF(E75:AI75,"L") -> 0 | AN75: =COUNTIF(E75:AI75,"P") -> 1 | AO75: =VLOOKUP(C75,[1]BCC!$C$6:$DJ$75,10,0) -> 1 | AP75: =AO75-AN75 -> 0
E76: 2.1 | F76: 2.1 | G76: 2.12
A77: =+A75+1 -> 34 | B77: NV038 | C77: Phạm Thị Kim Trang | D77: Nhân viên | E77: 8 | F77: 8 | G77: 8 | H77: 8 | I77: 8 | J77: 8 | L77: 8 | M77: 8 | N77: 8 | O77: 8 | P77: 8 | Q77: 8 | S77: 8 | T77: 8 | U77: 8 | V77: 8 | W77: 8 | X77: 8 | Z77: 8 | AA77: 8 | AB77: 8 | AC77: 8 | AD77: 8 | AE77: 8 | AG77: 8 | AH77: 8 | AJ77: =ROUND(SUM(E77:AI77)/8,1) -> 26 | AK77: =SUM(E78:AJ78)-AL77 -> 8.8 | AL77: 8 | AM77: =COUNTIF(E77:AI77,"L") -> 0 | AN77: =COUNTIF(E77:AI77,"P") -> 0 | AO77: =VLOOKUP(C77,[1]BCC!$C$6:$DJ$75,10,0) -> 1 | AP77: =AO77-AN77 -> 1
G78: 0.67 | AC78: 1.13 | AD78: 4 | AE78: 3 | AF78: 8
A79: =+A77+1 -> 35 | B79: NV039 | C79: Nguyễn Ngọc Hân | D79: Nhân viên | E79: 8 | F79: 8 | G79: 8 | H79: 8 | I79: 8 | J79: 8 | L79: 8 | M79: 8 | N79: 8 | O79: 8 | P79: 8 | Q79: 8 | S79: N | T79: N | U79: 8 | V79: P | W79: 8 | X79: 8 | Z79: 8 | AA79: 8 | AB79: 8 | AC79: 8 | AD79: 8 | AE79: 8 | AG79: 8 | AH79: 8 | AJ79: =ROUND(SUM(E79:AI79)/8,1) -> 23 | AK79: =SUM(E80:AJ80) -> 33.87 | AM79: =COUNTIF(E79:AI79,"L") -> 0 | AN79: =COUNTIF(E79:AI79,"P") -> 1 | AO79: =VLOOKUP(C79,[1]BCC!$C$6:$DJ$75,10,0) -> 1 | AP79: =AO79-AN79 -> 0
L80: 4 | R80: 5.09 | W80: 4 | X80: 4 | AB80: 1.3 | AC80: 4 | AD80: 4 | AG80: 3.48 | AH80: 4
A81: =+A79+1 -> 36 | B81: NV040 | C81: Trần Thị Ngọc Hân | D81: Nhân viên | E81: 8 | F81: 8 | G81: 8 | H81: 8 | I81: 8 | J81: 8 | K81: 8 | L81: 8 | M81: P | N81: 8 | O81: 8 | P81: 8 | Q81: 8 | S81: 8 | T81: 8 | U81: 8 | V81: 8 | W81: 8 | X81: 8 | Z81: 8 | AA81: 8 | AB81: 8 | AC81: 8 | AD81: 8 | AE81: 8 | AG81: 8 | AH81: 8 | AJ81: =ROUND(SUM(E81:AI81)/8,1) -> 26 | AK81: =SUM(E82:AJ82) -> 38.82 | AM81: =COUNTIF(E81:AI81,"L") -> 0 | AN81: =COUNTIF(E81:AI81,"P") -> 1 | AO81: =VLOOKUP(C81,[1]BCC!$C$6:$DJ$75,10,0) -> 2 | AP81: =AO81-AN81 -> 1
F82: 2.55 | H82: 3.45 | J82: 3.08 | N82: 3.47 | O82: 3.47 | P82: 3.47 | T82: 3.45 | U82: 3.43 | X82: 3.45 | AA82: 2 | AB82: 2 | AC82: 2 | AD82: 3
A83: =+A81+1 -> 37 | B83: NV041 | C83: Võ Thị Xuân Dung | D83: Nhân viên | E83: 8 | F83: 8 | G83: 8 | H83: 8 | I83: 8 | J83: 8 | L83: 8 | M83: 8 | N83: 8 | O83: 8 | P83: 8 | Q83: 8 | S83: 8 | T83: 8 | U83: 8 | V83: 8 | W83: 8 | X83: 8 | Z83: 8 | AA83: 8 | AB83: 8 | AC83: 8 | AD83: 8 | AE83: 8 | AG83: 8 | AH83: 8 | AJ83: =ROUND(SUM(E83:AI83)/8,1) -> 26 | AK83: =SUM(E84:AJ84) -> 23.754 | AM83: =COUNTIF(E83:AI83,"L") -> 0 | AN83: =COUNTIF(E83:AI83,"P") -> 0 | AO83: =VLOOKUP(C83,[1]BCC!$C$6:$DJ$75,10,0) -> 0 | AP83: =AO83-AN83 -> 0
S84: 3 | T84: 3 | V84: 3 | W84: 2.954 | AA84: 3 | AB84: 3 | AC84: 2.8 | AD84: 2 | AE84: 1
A85: =+A83+1 -> 38 | B85: NV042 | C85: Nguyễn Thị Ngọc | D85: Nhân viên | E85: 8 | F85: 8 | G85: 8 | H85: 8 | I85: 8 | J85: 8 | L85: 8 | M85: 8 | N85: 8 | O85: 8 | P85: 8 | Q85: 8 | S85: 8 | T85: 8 | U85: 8 | V85: 8 | W85: 8 | X85: 8 | Z85: 8 | AA85: 8 | AB85: 8 | AC85: 8 | AD85: 8 | AE85: 8 | AG85: 8 | AH85: 8 | AJ85: =ROUND(SUM(E85:AI85)/8,1) -> 26 | AK85: =SUM(E86:AJ86) -> 2.98 | AM85: =COUNTIF(E85:AI85,"L") -> 0 | AN85: =COUNTIF(E85:AI85,"P") -> 0 | AO85: =VLOOKUP(C85,[1]BCC!$C$6:$DJ$75,10,0) -> 0 | AP85: =AO85-AN85 -> 0
I86: 0.67 | V86: 0.53 | W86: 1.78
A87: =+A85+1 -> 39 | B87: NV043 | C87: Lê Ái Như | D87: Nhân viên | S87: 8 | T87: 8 | U87: 8 | V87: 8 | W87: 8 | X87: 8 | Z87: 8 | AA87: 8 | AB87: 8 | AC87: 8 | AD87: 8 | AE87: 8 | AG87: 8 | AH87: 8 | AJ87: =ROUND(SUM(E87:AI87)/8,1) -> 14 | AK87: =SUM(E88:AJ88) -> 0 | AM87: =COUNTIF(E87:AI87,"L") -> 0 | AN87: =COUNTIF(E87:AI87,"P") -> 0 | AO87: =VLOOKUP(C87,[1]BCC!$C$6:$DJ$75,10,0) -> 0 | AP87: =AO87-AN87 -> 0
A89: =+A87+1 -> 40 | B89: NV044 | C89: Ỳ Khố Lệ | D89: Nhân viên | S89: 8 | T89: 8 | U89: 8 | V89: 8 | W89: 8 | X89: 8 | Z89: 8 | AA89: 8 | AB89: 8 | AC89: 8 | AD89: 8 | AE89: 8 | AG89: 8 | AH89: 8 | AJ89: =ROUND(SUM(E89:AI89)/8,1) -> 14 | AK89: =SUM(E90:AJ90) -> 0 | AM89: =COUNTIF(E89:AI89,"L") -> 0 | AN89: =COUNTIF(E89:AI89,"P") -> 0 | AO89: =VLOOKUP(C89,[1]BCC!$C$6:$DJ$75,10,0) -> 0 | AP89: =AO89-AN89 -> 0
AP96: =SUM(AP11:AP95) -> 103
A98: Chú thích | F98: Người lập bảng | AG98: Ban giám đốc
A99: P là nghỉ hưởng lương
A100: N là ngày nghỉ
A101: L là ngày lễ hưởng lương
A102: ÔĐ là ngày hưởng chế độ ốm đau

Sheet Bảng thể hiện
A4: CÔNG TY TNHH THIẾT KẾ THỜI TRANG LÂU ĐÀI JOLI POLI
A5: Địa chỉ :18 Võ Văn Kiệt, Phường Bến Thành, Thành phố Hồ Chí Minh
A6: Mã số thuế : 0 3 1 8 0 8 6 0 4 8
N7: BẢNG TÍNH VÀ THANH TOÁN TIỀN LƯƠNG
N8: Tháng 06 năm 2026
N9: Ngày công chuẩn: 26
A12: STT | B12: Mã NV | C12: Họ và Tên | D12: Loại HĐ | E12: Chức Danh | F12: Phòng ban | G12: Lương theo hợp đồng lao động | I12: Các khoản hỗ trợ | M12: Tổng Lương theo HĐLĐ | N12: Lương đóng BHXH | O12: Ngày công làm việc thực tế | P12: Tiền hỗ trợ theo ngày công thực tế | T12: Nghỉ hưởng lương | V12: Tăng ca ngày thường (150%) | X12: Tăng ca ngày nghỉ (200%) | Z12: Tiền thưởng (thưởng lễ, hiệu suất, T13...) | AA12: Tổng tiền lương thực tế | AB12: Các khoản Công ty phải đóng | AD12: Các khoản NLĐ phải đóng | AF12: Tạm Ứng | AG12: Các khoản Giảm trừ (Bản thân, người phụ thuộc) | AH12: Thu nhập chịu thuế | AI12: Thu nhập tính thuế | AJ12: Thuế TNCN NLĐ phải nộp | AK12: Tổng lương thực lĩnh
G13: Lương cơ bản | H13: Phụ Cấp Trách Nhiệm | I13: Tiền ăn | J13: Xăng xe | K13: Điện thoại | L13: Trang phục | P13: Tiền ăn | Q13: Xăng xe | R13: Điện thoại | S13: Trang phục | T13: Số ngày | U13: Số tiền | V13: Số giờ | W13: Số tiền | X13: Số giờ | Y13: Số tiền | AB13: BHXH BB (21.5%) | AC13: KPCĐ (2%) | AD13: BHXH BB (10.5%) | AE13: Phí công đoàn (0.5%)
A14: 0 | B14: 1 | C14: 2 | D14: 3 | E14: 4 | F14: 5 | G14: 6 | H14: 7 | I14: 8 | J14: 9 | K14: 10 | L14: 11 | M14: 12 | N14: 13 | O14: 14 | P14: 15 | Q14: 16 | R14: 17 | S14: 18 | T14: 19 | U14: 20 | V14: 21 | W14: 22 | Z14: 23 | AA14: 24 | AB14: 25 | AC14: 26 | AD14: 27 | AE14: 28 | AF14: 29 | AG14: 30 | AH14: 31 | AI14: 32 | AJ14: 33 | AK14: 34
A15: A. BAN GIÁM ĐỐC | G15: =SUBTOTAL(9,G16:G17) -> 27000000 | H15: =SUBTOTAL(9,H16:H17) -> 5000000 | I15: =SUBTOTAL(9,I16:I17) -> 4600000 | J15: =SUBTOTAL(9,J16:J17) -> 1000000 | K15: =SUBTOTAL(9,K16:K17) -> 6600000 | L15: =SUBTOTAL(9,L16:L17) -> 800000 | M15: =SUBTOTAL(9,M16:M17) -> 45000000 | N15: =SUBTOTAL(9,N16:N17) -> 32000000 | ... AK15: =SUBTOTAL(9,AK16:AK17) -> 42647962
A16: 1 | B16: =+'Bảng tổng hợp'!B4 -> QL001 | C16: =IFERROR(VLOOKUP($B16,'Bảng tổng hợp'!$B:$BB,2,0),"") -> Phạm Đăng Anh Thư | D16: =IFERROR(VLOOKUP($B16,'Bảng tổng hợp'!$B:$BB,3,0),"") -> HĐLĐ | E16: =IFERROR(VLOOKUP($B16,'Bảng tổng hợp'!$B:$BB,4,0),"") -> Tổng Giám Đốc | F16: =IFERROR(VLOOKUP($B16,'Bảng tổng hợp'!$B:$BB,5,0),"") -> Ban giám đốc | G16: =IFERROR(VLOOKUP($B16,'Bảng tổng hợp'!$B:$BB,7,0),"") -> 15000000 | H16: =IFERROR(VLOOKUP($B16,'Bảng tổng hợp'!$B:$BB,8,0),"") -> 3000000 | I16: =IFERROR(VLOOKUP($B16,'Bảng tổng hợp'!$B:$BB,9,0),"") -> 2600000 | J16: =IFERROR(VLOOKUP($B16,'Bảng tổng hợp'!$B:$BB,10,0),"") -> 0 | K16: =IFERROR(VLOOKUP($B16,'Bảng tổng hợp'!$B:$BB,11,0),"") -> 4000000 | L16: =IFERROR(VLOOKUP($B16,'Bảng tổng hợp'!$B:$BB,12,0),"") -> 400000 | M16: =IFERROR(VLOOKUP($B16,'Bảng tổng hợp'!$B:$BB,13,0),"") -> 25000000 | N16: =IFERROR(VLOOKUP($B16,'Bảng tổng hợp'!$B:$BB,6,0),"") -> 18000000 | O16: =VLOOKUP(B16,'Bảng tổng hợp'!$B$4:$O$47,14,0) -> 26 | P16: =VLOOKUP(B16,'Bảng tổng hợp'!$B$4:$AA$41,23,0) -> 2600000 | Q16: =VLOOKUP(B16,'Bảng tổng hợp'!$B$4:$AA$41,24,0) -> 0 | R16: =VLOOKUP(B16,'Bảng tổng hợp'!$B$4:$AA$41,25,0) -> 4000000 | S16: =VLOOKUP(B16,'Bảng tổng hợp'!$B$4:$AA$41,26,0) -> 400000 | T16: =IFERROR(VLOOKUP($B16,'Bảng tổng hợp'!$B:$BB,15,0),"") -> 0 | U16: =IFERROR(VLOOKUP($B16,'Bảng tổng hợp'!$B:$BB,16,0),"") -> 0 | V16: =VLOOKUP($B16,'Bảng tổng hợp'!$B:$BB,17,0) -> 8 | W16: =IFERROR(VLOOKUP($B16,'Bảng tổng hợp'!$B:$BB,18,0),"") -> 1038462 | X16: =VLOOKUP($B16,'Bảng tổng hợp'!$B:$BB,19,0) -> 0 | Y16: =IFERROR(VLOOKUP($B16,'Bảng tổng hợp'!$B:$BB,20,0),"") -> 0 | Z16: =IFERROR(VLOOKUP($B16,'Bảng tổng hợp'!$B:$BB,27,0),"") -> 0 | AA16: =IFERROR(VLOOKUP($B16,'Bảng tổng hợp'!$B:$BB,28,0),"") -> 26038462 | AB16: =IFERROR(VLOOKUP($B16,'Bảng tổng hợp'!$B:$BB,38,0),"") -> 3870000 | AC16: =IFERROR(VLOOKUP($B16,'Bảng tổng hợp'!$B:$BB,39,0),"") -> 360000 | AD16: =IFERROR(VLOOKUP($B16,'Bảng tổng hợp'!$B:$BB,43,0),"") -> 1890000 | AE16: =IFERROR(VLOOKUP($B16,'Bảng tổng hợp'!$B:$BB,44,0),"") -> 0 | AF16: =IFERROR(VLOOKUP($B16,'Bảng tổng hợp'!$B:$BB,52,0),"") -> 0 | AG16: =IFERROR(VLOOKUP($B16,'Bảng tổng hợp'!$B:$BB,48,0),"") -> 15500000 | AH16: =IFERROR(VLOOKUP($B16,'Bảng tổng hợp'!$B:$BB,49,0),"") -> 18000000 | AI16: =IFERROR(VLOOKUP($B16,'Bảng tổng hợp'!$B:$BB,50,0),"") -> 610000 | AJ16: =IFERROR(VLOOKUP($B16,'Bảng tổng hợp'!$B:$BB,51,0),"") -> 30500 | AK16: =IFERROR(VLOOKUP($B16,'Bảng tổng hợp'!$B:$BB,53,0),"") -> 24117962
A17: 2 | B17: =+'Bảng tổng hợp'!B5 -> QL002 | C17: =IFERROR(VLOOKUP($B17,'Bảng tổng hợp'!$B:$BB,2,0),"") -> Nguyễn Diệp Anh Tuấn | D17: =IFERROR(VLOOKUP($B17,'Bảng tổng hợp'!$B:$BB,3,0),"") -> HĐLĐ | E17: =IFERROR(VLOOKUP($B17,'Bảng tổng hợp'!$B:$BB,4,0),"") -> Giám Đốc | F17: =IFERROR(VLOOKUP($B17,'Bảng tổng hợp'!$B:$BB,5,0),"") -> Ban giám đốc | G17: =IFERROR(VLOOKUP($B17,'Bảng tổng hợp'!$B:$BB,7,0),"") -> 12000000 | H17: =IFERROR(VLOOKUP($B17,'Bảng tổng hợp'!$B:$BB,8,0),"") -> 2000000 | I17: =IFERROR(VLOOKUP($B17,'Bảng tổng hợp'!$B:$BB,9,0),"") -> 2000000 | J17: =IFERROR(VLOOKUP($B17,'Bảng tổng hợp'!$B:$BB,10,0),"") -> 1000000 | K17: =IFERROR(VLOOKUP($B17,'Bảng tổng hợp'!$B:$BB,11,0),"") -> 2600000 | L17: =IFERROR(VLOOKUP($B17,'Bảng tổng hợp'!$B:$BB,12,0),"") -> 400000 | M17: =IFERROR(VLOOKUP($B17,'Bảng tổng hợp'!$B:$BB,13,0),"") -> 20000000 | N17: =IFERROR(VLOOKUP($B17,'Bảng tổng hợp'!$B:$BB,6,0),"") -> 14000000 | O17: =VLOOKUP(B17,'Bảng tổng hợp'!$B$4:$O$47,14,0) -> 26 | P17: =VLOOKUP(B17,'Bảng tổng hợp'!$B$4:$AA$41,23,0) -> 2000000 | Q17: =VLOOKUP(B17,'Bảng tổng hợp'!$B$4:$AA$41,24,0) -> 1000000 | R17: =VLOOKUP(B17,'Bảng tổng hợp'!$B$4:$AA$41,25,0) -> 2600000 | S17: =VLOOKUP(B17,'Bảng tổng hợp'!$B$4:$AA$41,26,0) -> 400000 | T17: =IFERROR(VLOOKUP($B17,'Bảng tổng hợp'!$B:$BB,15,0),"") -> 0 | U17: =IFERROR(VLOOKUP($B17,'Bảng tổng hợp'!$B:$BB,16,0),"") -> 0 | V17: =VLOOKUP($B17,'Bảng tổng hợp'!$B:$BB,17,0) -> 0 | W17: =IFERROR(VLOOKUP($B17,'Bảng tổng hợp'!$B:$BB,18,0),"") -> 0 | X17: =VLOOKUP($B17,'Bảng tổng hợp'!$B:$BB,19,0) -> 0 | Y17: =IFERROR(VLOOKUP($B17,'Bảng tổng hợp'!$B:$BB,20,0),"") -> 0 | Z17: =IFERROR(VLOOKUP($B17,'Bảng tổng hợp'!$B:$BB,27,0),"") -> 0 | AA17: =IFERROR(VLOOKUP($B17,'Bảng tổng hợp'!$B:$BB,28,0),"") -> 20000000 | AB17: =IFERROR(VLOOKUP($B17,'Bảng tổng hợp'!$B:$BB,38,0),"") -> 3010000 | AC17: =IFERROR(VLOOKUP($B17,'Bảng tổng hợp'!$B:$BB,39,0),"") -> 280000 | AD17: =IFERROR(VLOOKUP($B17,'Bảng tổng hợp'!$B:$BB,43,0),"") -> 1470000 | AE17: =IFERROR(VLOOKUP($B17,'Bảng tổng hợp'!$B:$BB,44,0),"") -> 0 | AF17: =IFERROR(VLOOKUP($B17,'Bảng tổng hợp'!$B:$BB,52,0),"") -> 0 | AG17: =IFERROR(VLOOKUP($B17,'Bảng tổng hợp'!$B:$BB,48,0),"") -> 15500000 | AH17: =IFERROR(VLOOKUP($B17,'Bảng tổng hợp'!$B:$BB,49,0),"") -> 15000000 | AI17: =IFERROR(VLOOKUP($B17,'Bảng tổng hợp'!$B:$BB,50,0),"") -> 0 | AJ17: =IFERROR(VLOOKUP($B17,'Bảng tổng hợp'!$B:$BB,51,0),"") -> 0 | AK17: =IFERROR(VLOOKUP($B17,'Bảng tổng hợp'!$B:$BB,53,0),"") -> 18530000
A18: B. PHÒNG KINH DOANH | G18: =SUBTOTAL(9,G19:G26) -> 51500000 | H18: =SUBTOTAL(9,H19:H26) -> 5000000 | I18: =SUBTOTAL(9,I19:I26) -> 9100000 | J18: =SUBTOTAL(9,J19:J26) -> 3500000 | K18: =SUBTOTAL(9,K19:K26) -> 2700000 | L18: =SUBTOTAL(9,L19:L26) -> 3100000 | M18: =SUBTOTAL(9,M19:M26) -> 74900000 | N18: =SUBTOTAL(9,N19:N26) -> 56500000 | ... AK18: =SUBTOTAL(9,AK19:AK26) -> 77653655
A19: =+A17+1 -> 3 | B19: =+'Bảng tổng hợp'!B6 -> NV003 | C19: =IFERROR(VLOOKUP($B19,'Bảng tổng hợp'!$B:$BB,2,0),"") -> Nguyễn Diệu Quý Chi | D19: =IFERROR(VLOOKUP($B19,'Bảng tổng hợp'!$B:$BB,3,0),"") -> HĐLĐ | E19: =IFERROR(VLOOKUP($B19,'Bảng tổng hợp'!$B:$BB,4,0),"") -> Trưởng phòng | F19: =IFERROR(VLOOKUP($B19,'Bảng tổng hợp'!$B:$BB,5,0),"") -> Kinh doanh | G19: =IFERROR(VLOOKUP($B19,'Bảng tổng hợp'!$B:$BB,7,0),"") -> 7500000 | H19: =IFERROR(VLOOKUP($B19,'Bảng tổng hợp'!$B:$BB,8,0),"") -> 1000000 | I19: =IFERROR(VLOOKUP($B19,'Bảng tổng hợp'!$B:$BB,9,0),"") -> 1800000 | J19: =IFERROR(VLOOKUP($B19,'Bảng tổng hợp'!$B:$BB,10,0),"") -> 500000 | K19: =IFERROR(VLOOKUP($B19,'Bảng tổng hợp'!$B:$BB,11,0),"") -> 400000 | L19: =IFERROR(VLOOKUP($B19,'Bảng tổng hợp'!$B:$BB,12,0),"") -> 400000 | M19: =IFERROR(VLOOKUP($B19,'Bảng tổng hợp'!$B:$BB,13,0),"") -> 11600000 | N19: =IFERROR(VLOOKUP($B19,'Bảng tổng hợp'!$B:$BB,6,0),"") -> 8500000 | O19: =VLOOKUP(B19,'Bảng tổng hợp'!$B$4:$O$47,14,0) -> 26 | P19: =VLOOKUP(B19,'Bảng tổng hợp'!$B$4:$AA$41,23,0) -> 1800000 | Q19: =VLOOKUP(B19,'Bảng tổng hợp'!$B$4:$AA$41,24,0) -> 500000 | R19: =VLOOKUP(B19,'Bảng tổng hợp'!$B$4:$AA$41,25,0) -> 400000 | S19: =VLOOKUP(B19,'Bảng tổng hợp'!$B$4:$AA$41,26,0) -> 400000 | T19: =IFERROR(VLOOKUP($B19,'Bảng tổng hợp'!$B:$BB,15,0),"") -> 0 | U19: =IFERROR(VLOOKUP($B19,'Bảng tổng hợp'!$B:$BB,16,0),"") -> 0 | V19: =VLOOKUP($B19,'Bảng tổng hợp'!$B:$BB,17,0) -> 0 | W19: =IFERROR(VLOOKUP($B19,'Bảng tổng hợp'!$B:$BB,18,0),"") -> 0 | X19: =VLOOKUP($B19,'Bảng tổng hợp'!$B:$BB,19,0) -> 0 | Y19: =IFERROR(VLOOKUP($B19,'Bảng tổng hợp'!$B:$BB,20,0),"") -> 0 | Z19: =IFERROR(VLOOKUP($B19,'Bảng tổng hợp'!$B:$BB,27,0),"") -> 0 | AA19: =IFERROR(VLOOKUP($B19,'Bảng tổng hợp'!$B:$BB,28,0),"") -> 11600000 | AB19: =IFERROR(VLOOKUP($B19,'Bảng tổng hợp'!$B:$BB,38,0),"") -> 1827500 | AC19: =IFERROR(VLOOKUP($B19,'Bảng tổng hợp'!$B:$BB,39,0),"") -> 170000 | AD19: =IFERROR(VLOOKUP($B19,'Bảng tổng hợp'!$B:$BB,43,0),"") -> 892500 | AE19: =IFERROR(VLOOKUP($B19,'Bảng tổng hợp'!$B:$BB,44,0),"") -> 0 | AF19: =IFERROR(VLOOKUP($B19,'Bảng tổng hợp'!$B:$BB,52,0),"") -> 0 | AG19: =IFERROR(VLOOKUP($B19,'Bảng tổng hợp'!$B:$BB,48,0),"") -> 15500000 | AH19: =IFERROR(VLOOKUP($B19,'Bảng tổng hợp'!$B:$BB,49,0),"") -> 9000000 | AI19: =IFERROR(VLOOKUP($B19,'Bảng tổng hợp'!$B:$BB,50,0),"") -> 0 | AJ19: =IFERROR(VLOOKUP($B19,'Bảng tổng hợp'!$B:$BB,51,0),"") -> 0 | AK19: =IFERROR(VLOOKUP($B19,'Bảng tổng hợp'!$B:$BB,53,0),"") -> 10707500
A20: 4 | B20: =+'Bảng tổng hợp'!B7 -> NV004 | C20: =IFERROR(VLOOKUP($B20,'Bảng tổng hợp'!$B:$BB,2,0),"") -> Phạm Đăng Anh Thảo | D20: =IFERROR(VLOOKUP($B20,'Bảng tổng hợp'!$B:$BB,3,0),"") -> HĐLĐ | E20: =IFERROR(VLOOKUP($B20,'Bảng tổng hợp'!$B:$BB,4,0),"") -> Phó phòng | F20: =IFERROR(VLOOKUP($B20,'Bảng tổng hợp'!$B:$BB,5,0),"") -> Kinh doanh | G20: =IFERROR(VLOOKUP($B20,'Bảng tổng hợp'!$B:$BB,7,0),"") -> 7000000 | H20: =IFERROR(VLOOKUP($B20,'Bảng tổng hợp'!$B:$BB,8,0),"") -> 1000000 | I20: =IFERROR(VLOOKUP($B20,'Bảng tổng hợp'!$B:$BB,9,0),"") -> 1300000 | J20: =IFERROR(VLOOKUP($B20,'Bảng tổng hợp'!$B:$BB,10,0),"") -> 500000 | K20: =IFERROR(VLOOKUP($B20,'Bảng tổng hợp'!$B:$BB,11,0),"") -> 400000 | L20: =IFERROR(VLOOKUP($B20,'Bảng tổng hợp'!$B:$BB,12,0),"") -> 400000 | M20: =IFERROR(VLOOKUP($B20,'Bảng tổng hợp'!$B:$BB,13,0),"") -> 10600000 | N20: =IFERROR(VLOOKUP($B20,'Bảng tổng hợp'!$B:$BB,6,0),"") -> 8000000 | O20: =VLOOKUP(B20,'Bảng tổng hợp'!$B$4:$O$47,14,0) -> 25 | P20: =VLOOKUP(B20,'Bảng tổng hợp'!$B$4:$AA$41,23,0) -> 1250000 | Q20: =VLOOKUP(B20,'Bảng tổng hợp'!$B$4:$AA$41,24,0) -> 480769.23 | R20: =VLOOKUP(B20,'Bảng tổng hợp'!$B$4:$AA$41,25,0) -> 384615.38 | S20: =VLOOKUP(B20,'Bảng tổng hợp'!$B$4:$AA$41,26,0) -> 400000 | T20: =IFERROR(VLOOKUP($B20,'Bảng tổng hợp'!$B:$BB,15,0),"") -> 1 | U20: =IFERROR(VLOOKUP($B20,'Bảng tổng hợp'!$B:$BB,16,0),"") -> 307692.31 | V20: =VLOOKUP($B20,'Bảng tổng hợp'!$B:$BB,17,0) -> 0 | W20: =IFERROR(VLOOKUP($B20,'Bảng tổng hợp'!$B:$BB,18,0),"") -> 0 | X20: =VLOOKUP($B20,'Bảng tổng hợp'!$B:$BB,19,0) -> 0 | Y20: =IFERROR(VLOOKUP($B20,'Bảng tổng hợp'!$B:$BB,20,0),"") -> 0 | Z20: =IFERROR(VLOOKUP($B20,'Bảng tổng hợp'!$B:$BB,27,0),"") -> 0 | AA20: =IFERROR(VLOOKUP($B20,'Bảng tổng hợp'!$B:$BB,28,0),"") -> 10515385 | AB20: =IFERROR(VLOOKUP($B20,'Bảng tổng hợp'!$B:$BB,38,0),"") -> 1720000 | AC20: =IFERROR(VLOOKUP($B20,'Bảng tổng hợp'!$B:$BB,39,0),"") -> 160000 | AD20: =IFERROR(VLOOKUP($B20,'Bảng tổng hợp'!$B:$BB,43,0),"") -> 840000 | AE20: =IFERROR(VLOOKUP($B20,'Bảng tổng hợp'!$B:$BB,44,0),"") -> 0 | AF20: =IFERROR(VLOOKUP($B20,'Bảng tổng hợp'!$B:$BB,52,0),"") -> 0 | AG20: =IFERROR(VLOOKUP($B20,'Bảng tổng hợp'!$B:$BB,48,0),"") -> 15500000 | AH20: =IFERROR(VLOOKUP($B20,'Bảng tổng hợp'!$B:$BB,49,0),"") -> 8480769 | AI20: =IFERROR(VLOOKUP($B20,'Bảng tổng hợp'!$B:$BB,50,0),"") -> 0 | AJ20: =IFERROR(VLOOKUP($B20,'Bảng tổng hợp'!$B:$BB,51,0),"") -> 0 | AK20: =IFERROR(VLOOKUP($B20,'Bảng tổng hợp'!$B:$BB,53,0),"") -> 9675385
A21: 5 | B21: =+'Bảng tổng hợp'!B8 -> NV011 | C21: =IFERROR(VLOOKUP($B21,'Bảng tổng hợp'!$B:$BB,2,0),"") -> Nguyễn Thành Long | D21: =IFERROR(VLOOKUP($B21,'Bảng tổng hợp'!$B:$BB,3,0),"") -> HĐLĐ | E21: =IFERROR(VLOOKUP($B21,'Bảng tổng hợp'!$B:$BB,4,0),"") -> Nhân viên | F21: =IFERROR(VLOOKUP($B21,'Bảng tổng hợp'!$B:$BB,5,0),"") -> Kinh doanh | G21: =IFERROR(VLOOKUP($B21,'Bảng tổng hợp'!$B:$BB,7,0),"") -> 6500000 | H21: =IFERROR(VLOOKUP($B21,'Bảng tổng hợp'!$B:$BB,8,0),"") -> 500000 | I21: =IFERROR(VLOOKUP($B21,'Bảng tổng hợp'!$B:$BB,9,0),"") -> 1000000 | J21: =IFERROR(VLOOKUP($B21,'Bảng tổng hợp'!$B:$BB,10,0),"") -> 500000 | K21: =IFERROR(VLOOKUP($B21,'Bảng tổng hợp'!$B:$BB,11,0),"") -> 300000 | L21: =IFERROR(VLOOKUP($B21,'Bảng tổng hợp'!$B:$BB,12,0),"") -> 400000 | M21: =IFERROR(VLOOKUP($B21,'Bảng tổng hợp'!$B:$BB,13,0),"") -> 9200000 | N21: =IFERROR(VLOOKUP($B21,'Bảng tổng hợp'!$B:$BB,6,0),"") -> 7000000 | O21: =VLOOKUP(B21,'Bảng tổng hợp'!$B$4:$O$47,14,0) -> 26 | P21: =VLOOKUP(B21,'Bảng tổng hợp'!$B$4:$AA$41,23,0) -> 1000000 | Q21: =VLOOKUP(B21,'Bảng tổng hợp'!$B$4:$AA$41,24,0) -> 500000 | R21: =VLOOKUP(B21,'Bảng tổng hợp'!$B$4:$AA$41,25,0) -> 300000 | S21: =VLOOKUP(B21,'Bảng tổng hợp'!$B$4:$AA$41,26,0) -> 400000 | T21: =IFERROR(VLOOKUP($B21,'Bảng tổng hợp'!$B:$BB,15,0),"") -> 0 | U21: =IFERROR(VLOOKUP($B21,'Bảng tổng hợp'!$B:$BB,16,0),"") -> 0 | V21: =VLOOKUP($B21,'Bảng tổng hợp'!$B:$BB,17,0) -> 8 | W21: =IFERROR(VLOOKUP($B21,'Bảng tổng hợp'!$B:$BB,18,0),"") -> 403846 | X21: =VLOOKUP($B21,'Bảng tổng hợp'!$B:$BB,19,0) -> 16 | Y21: =IFERROR(VLOOKUP($B21,'Bảng tổng hợp'!$B:$BB,20,0),"") -> 1076923 | Z21: =IFERROR(VLOOKUP($B21,'Bảng tổng hợp'!$B:$BB,27,0),"") -> 0 | AA21: =IFERROR(VLOOKUP($B21,'Bảng tổng hợp'!$B:$BB,28,0),"") -> 10680769 | AB21: =IFERROR(VLOOKUP($B21,'Bảng tổng hợp'!$B:$BB,38,0),"") -> 1505000 | AC21: =IFERROR(VLOOKUP($B21,'Bảng tổng hợp'!$B:$BB,39,0),"") -> 140000 | AD21: =IFERROR(VLOOKUP($B21,'Bảng tổng hợp'!$B:$BB,43,0),"") -> 735000 | AE21: =IFERROR(VLOOKUP($B21,'Bảng tổng hợp'!$B:$BB,44,0),"") -> 0 | AF21: =IFERROR(VLOOKUP($B21,'Bảng tổng hợp'!$B:$BB,52,0),"") -> 0 | AG21: =IFERROR(VLOOKUP($B21,'Bảng tổng hợp'!$B:$BB,48,0),"") -> 15500000 | AH21: =IFERROR(VLOOKUP($B21,'Bảng tổng hợp'!$B:$BB,49,0),"") -> 7500000 | AI21: =IFERROR(VLOOKUP($B21,'Bảng tổng hợp'!$B:$BB,50,0),"") -> 0 | AJ21: =IFERROR(VLOOKUP($B21,'Bảng tổng hợp'!$B:$BB,51,0),"") -> 0 | AK21: =IFERROR(VLOOKUP($B21,'Bảng tổng hợp'!$B:$BB,53,0),"") -> 9945769
A22: 6 | B22: =+'Bảng tổng hợp'!B9 -> NV012 | C22: =IFERROR(VLOOKUP($B22,'Bảng tổng hợp'!$B:$BB,2,0),"") -> Nguyễn Thị Đài Trang | D22: =IFERROR(VLOOKUP($B22,'Bảng tổng hợp'!$B:$BB,3,0),"") -> HĐLĐ | E22: =IFERROR(VLOOKUP($B22,'Bảng tổng hợp'!$B:$BB,4,0),"") -> Nhân viên | F22: =IFERROR(VLOOKUP($B22,'Bảng tổng hợp'!$B:$BB,5,0),"") -> Kinh doanh | G22: =IFERROR(VLOOKUP($B22,'Bảng tổng hợp'!$B:$BB,7,0),"") -> 6500000 | H22: =IFERROR(VLOOKUP($B22,'Bảng tổng hợp'!$B:$BB,8,0),"") -> 500000 | I22: =IFERROR(VLOOKUP($B22,'Bảng tổng hợp'!$B:$BB,9,0),"") -> 1000000 | J22: =IFERROR(VLOOKUP($B22,'Bảng tổng hợp'!$B:$BB,10,0),"") -> 500000 | K22: =IFERROR(VLOOKUP($B22,'Bảng tổng hợp'!$B:$BB,11,0),"") -> 300000 | L22: =IFERROR(VLOOKUP($B22,'Bảng tổng hợp'!$B:$BB,12,0),"") -> 400000 | M22: =IFERROR(VLOOKUP($B22,'Bảng tổng hợp'!$B:$BB,13,0),"") -> 9200000 | N22: =IFERROR(VLOOKUP($B22,'Bảng tổng hợp'!$B:$BB,6,0),"") -> 7000000 | O22: =VLOOKUP(B22,'Bảng tổng hợp'!$B$4:$O$47,14,0) -> 26 | P22: =VLOOKUP(B22,'Bảng tổng hợp'!$B$4:$AA$41,23,0) -> 1000000 | Q22: =VLOOKUP(B22,'Bảng tổng hợp'!$B$4:$AA$41,24,0) -> 500000 | R22: =VLOOKUP(B22,'Bảng tổng hợp'!$B$4:$AA$41,25,0) -> 300000 | S22: =VLOOKUP(B22,'Bảng tổng hợp'!$B$4:$AA$41,26,0) -> 400000 | T22: =IFERROR(VLOOKUP($B22,'Bảng tổng hợp'!$B:$BB,15,0),"") -> 0 | U22: =IFERROR(VLOOKUP($B22,'Bảng tổng hợp'!$B:$BB,16,0),"") -> 0 | V22: =VLOOKUP($B22,'Bảng tổng hợp'!$B:$BB,17,0) -> 25.95 | W22: =IFERROR(VLOOKUP($B22,'Bảng tổng hợp'!$B:$BB,18,0),"") -> 1309976 | X22: =VLOOKUP($B22,'Bảng tổng hợp'!$B:$BB,19,0) -> 8 | Y22: =IFERROR(VLOOKUP($B22,'Bảng tổng hợp'!$B:$BB,20,0),"") -> 538462 | Z22: =IFERROR(VLOOKUP($B22,'Bảng tổng hợp'!$B:$BB,27,0),"") -> 0 | AA22: =IFERROR(VLOOKUP($B22,'Bảng tổng hợp'!$B:$BB,28,0),"") -> 11048438 | AB22: =IFERROR(VLOOKUP($B22,'Bảng tổng hợp'!$B:$BB,38,0),"") -> 1505000 | AC22: =IFERROR(VLOOKUP($B22,'Bảng tổng hợp'!$B:$BB,39,0),"") -> 140000 | AD22: =IFERROR(VLOOKUP($B22,'Bảng tổng hợp'!$B:$BB,43,0),"") -> 735000 | AE22: =IFERROR(VLOOKUP($B22,'Bảng tổng hợp'!$B:$BB,44,0),"") -> 0 | AF22: =IFERROR(VLOOKUP($B22,'Bảng tổng hợp'!$B:$BB,52,0),"") -> 0 | AG22: =IFERROR(VLOOKUP($B22,'Bảng tổng hợp'!$B:$BB,48,0),"") -> 15500000 | AH22: =IFERROR(VLOOKUP($B22,'Bảng tổng hợp'!$B:$BB,49,0),"") -> 7500000 | AI22: =IFERROR(VLOOKUP($B22,'Bảng tổng hợp'!$B:$BB,50,0),"") -> 0 | AJ22: =IFERROR(VLOOKUP($B22,'Bảng tổng hợp'!$B:$BB,51,0),"") -> 0 | AK22: =IFERROR(VLOOKUP($B22,'Bảng tổng hợp'!$B:$BB,53,0),"") -> 10313438
A23: 7 | B23: =+'Bảng tổng hợp'!B10 -> NV027 | C23: =IFERROR(VLOOKUP($B23,'Bảng tổng hợp'!$B:$BB,2,0),"") -> Lê Thị Hiếu | D23: =IFERROR(VLOOKUP($B23,'Bảng tổng hợp'!$B:$BB,3,0),"") -> HĐLĐ | E23: =IFERROR(VLOOKUP($B23,'Bảng tổng hợp'!$B:$BB,4,0),"") -> Nhân viên | F23: =IFERROR(VLOOKUP($B23,'Bảng tổng hợp'!$B:$BB,5,0),"") -> Kinh doanh | G23: =IFERROR(VLOOKUP($B23,'Bảng tổng hợp'!$B:$BB,7,0),"") -> 6500000 | H23: =IFERROR(VLOOKUP($B23,'Bảng tổng hợp'!$B:$BB,8,0),"") -> 500000 | I23: =IFERROR(VLOOKUP($B23,'Bảng tổng hợp'!$B:$BB,9,0),"") -> 1000000 | J23: =IFERROR(VLOOKUP($B23,'Bảng tổng hợp'!$B:$BB,10,0),"") -> 500000 | K23: =IFERROR(VLOOKUP($B23,'Bảng tổng hợp'!$B:$BB,11,0),"") -> 300000 | L23: =IFERROR(VLOOKUP($B23,'Bảng tổng hợp'!$B:$BB,12,0),"") -> 400000 | M23: =IFERROR(VLOOKUP($B23,'Bảng tổng hợp'!$B:$BB,13,0),"") -> 9200000 | N23: =IFERROR(VLOOKUP($B23,'Bảng tổng hợp'!$B:$BB,6,0),"") -> 7000000 | O23: =VLOOKUP(B23,'Bảng tổng hợp'!$B$4:$O$47,14,0) -> 26 | P23: =VLOOKUP(B23,'Bảng tổng hợp'!$B$4:$AA$41,23,0) -> 1000000 | Q23: =VLOOKUP(B23,'Bảng tổng hợp'!$B$4:$AA$41,24,0) -> 500000 | R23: =VLOOKUP(B23,'Bảng tổng hợp'!$B$4:$AA$41,25,0) -> 300000 | S23: =VLOOKUP(B23,'Bảng tổng hợp'!$B$4:$AA$41,26,0) -> 400000 | T23: =IFERROR(VLOOKUP($B23,'Bảng tổng hợp'!$B:$BB,15,0),"") -> 0 | U23: =IFERROR(VLOOKUP($B23,'Bảng tổng hợp'!$B:$BB,16,0),"") -> 0 | V23: =VLOOKUP($B23,'Bảng tổng hợp'!$B:$BB,17,0) -> 8.25 | W23: =IFERROR(VLOOKUP($B23,'Bảng tổng hợp'!$B:$BB,18,0),"") -> 416466 | X23: =VLOOKUP($B23,'Bảng tổng hợp'!$B:$BB,19,0) -> 16.58 | Y23: =IFERROR(VLOOKUP($B23,'Bảng tổng hợp'!$B:$BB,20,0),"") -> 1115962 | Z23: =IFERROR(VLOOKUP($B23,'Bảng tổng hợp'!$B:$BB,27,0),"") -> 0 | AA23: =IFERROR(VLOOKUP($B23,'Bảng tổng hợp'!$B:$BB,28,0),"") -> 10732428 | AB23: =IFERROR(VLOOKUP($B23,'Bảng tổng hợp'!$B:$BB,38,0),"") -> 1505000 | AC23: =IFERROR(VLOOKUP($B23,'Bảng tổng hợp'!$B:$BB,39,0),"") -> 140000 | AD23: =IFERROR(VLOOKUP($B23,'Bảng tổng hợp'!$B:$BB,43,0),"") -> 735000 | AE23: =IFERROR(VLOOKUP($B23,'Bảng tổng hợp'!$B:$BB,44,0),"") -> 0 | AF23: =IFERROR(VLOOKUP($B23,'Bảng tổng hợp'!$B:$BB,52,0),"") -> 0 | AG23: =IFERROR(VLOOKUP($B23,'Bảng tổng hợp'!$B:$BB,48,0),"") -> 15500000 | AH23: =IFERROR(VLOOKUP($B23,'Bảng tổng hợp'!$B:$BB,49,0),"") -> 7500000 | AI23: =IFERROR(VLOOKUP($B23,'Bảng tổng hợp'!$B:$BB,50,0),"") -> 0 | AJ23: =IFERROR(VLOOKUP($B23,'Bảng tổng hợp'!$B:$BB,51,0),"") -> 0 | AK23: =IFERROR(VLOOKUP($B23,'Bảng tổng hợp'!$B:$BB,53,0),"") -> 9997428
A24: 8 | B24: =+'Bảng tổng hợp'!B11 -> NV030 | C24: =IFERROR(VLOOKUP($B24,'Bảng tổng hợp'!$B:$BB,2,0),"") -> Vương Thị Ngọc Như | D24: =IFERROR(VLOOKUP($B24,'Bảng tổng hợp'!$B:$BB,3,0),"") -> HĐLĐ | E24: =IFERROR(VLOOKUP($B24,'Bảng tổng hợp'!$B:$BB,4,0),"") -> Nhân viên tư vấn | F24: =IFERROR(VLOOKUP($B24,'Bảng tổng hợp'!$B:$BB,5,0),"") -> Kinh doanh | G24: =IFERROR(VLOOKUP($B24,'Bảng tổng hợp'!$B:$BB,7,0),"") -> 5500000 | H24: =IFERROR(VLOOKUP($B24,'Bảng tổng hợp'!$B:$BB,8,0),"") -> 500000 | I24: =IFERROR(VLOOKUP($B24,'Bảng tổng hợp'!$B:$BB,9,0),"") -> 1000000 | J24: =IFERROR(VLOOKUP($B24,'Bảng tổng hợp'!$B:$BB,10,0),"") -> 0 | K24: =IFERROR(VLOOKUP($B24,'Bảng tổng hợp'!$B:$BB,11,0),"") -> 200000 | L24: =IFERROR(VLOOKUP($B24,'Bảng tổng hợp'!$B:$BB,12,0),"") -> 300000 | M24: =IFERROR(VLOOKUP($B24,'Bảng tổng hợp'!$B:$BB,13,0),"") -> 7500000 | N24: =IFERROR(VLOOKUP($B24,'Bảng tổng hợp'!$B:$BB,6,0),"") -> 6000000 | O24: =VLOOKUP(B24,'Bảng tổng hợp'!$B$4:$O$47,14,0) -> 26 | P24: =VLOOKUP(B24,'Bảng tổng hợp'!$B$4:$AA$41,23,0) -> 1000000 | Q24: =VLOOKUP(B24,'Bảng tổng hợp'!$B$4:$AA$41,24,0) -> 0 | R24: =VLOOKUP(B24,'Bảng tổng hợp'!$B$4:$AA$41,25,0) -> 200000 | S24: =VLOOKUP(B24,'Bảng tổng hợp'!$B$4:$AA$41,26,0) -> 300000 | T24: =IFERROR(VLOOKUP($B24,'Bảng tổng hợp'!$B:$BB,15,0),"") -> 2 | U24: =IFERROR(VLOOKUP($B24,'Bảng tổng hợp'!$B:$BB,16,0),"") -> 461538.46 | V24: =VLOOKUP($B24,'Bảng tổng hợp'!$B:$BB,17,0) -> 38.83 | W24: =IFERROR(VLOOKUP($B24,'Bảng tổng hợp'!$B:$BB,18,0),"") -> 1680144 | X24: =VLOOKUP($B24,'Bảng tổng hợp'!$B:$BB,19,0) -> 0 | Y24: =IFERROR(VLOOKUP($B24,'Bảng tổng hợp'!$B:$BB,20,0),"") -> 0 | Z24: =IFERROR(VLOOKUP($B24,'Bảng tổng hợp'!$B:$BB,27,0),"") -> 0 | AA24: =IFERROR(VLOOKUP($B24,'Bảng tổng hợp'!$B:$BB,28,0),"") -> 9641682.5 | AB24: =IFERROR(VLOOKUP($B24,'Bảng tổng hợp'!$B:$BB,38,0),"") -> 1290000 | AC24: =IFERROR(VLOOKUP($B24,'Bảng tổng hợp'!$B:$BB,39,0),"") -> 120000 | AD24: =IFERROR(VLOOKUP($B24,'Bảng tổng hợp'!$B:$BB,43,0),"") -> 630000 | AE24: =IFERROR(VLOOKUP($B24,'Bảng tổng hợp'!$B:$BB,44,0),"") -> 0 | AF24: =IFERROR(VLOOKUP($B24,'Bảng tổng hợp'!$B:$BB,52,0),"") -> 0 | AG24: =IFERROR(VLOOKUP($B24,'Bảng tổng hợp'!$B:$BB,48,0),"") -> 15500000 | AH24: =IFERROR(VLOOKUP($B24,'Bảng tổng hợp'!$B:$BB,49,0),"") -> 6461538 | AI24: =IFERROR(VLOOKUP($B24,'Bảng tổng hợp'!$B:$BB,50,0),"") -> 0 | AJ24: =IFERROR(VLOOKUP($B24,'Bảng tổng hợp'!$B:$BB,51,0),"") -> 0 | AK24: =IFERROR(VLOOKUP($B24,'Bảng tổng hợp'!$B:$BB,53,0),"") -> 9011682
A25: 9 | B25: ='Bảng tổng hợp'!B37 -> NV038 | C25: =IFERROR(VLOOKUP($B25,'Bảng tổng hợp'!$B:$BB,2,0),"") -> Phạm Thị Kim Trang | D25: =IFERROR(VLOOKUP($B25,'Bảng tổng hợp'!$B:$BB,3,0),"") -> HĐLĐ | E25: =IFERROR(VLOOKUP($B25,'Bảng tổng hợp'!$B:$BB,4,0),"") -> Nhân viên | F25: =IFERROR(VLOOKUP($B25,'Bảng tổng hợp'!$B:$BB,5,0),"") -> Kinh doanh | G25: =IFERROR(VLOOKUP($B25,'Bảng tổng hợp'!$B:$BB,7,0),"") -> 6500000 | H25: =IFERROR(VLOOKUP($B25,'Bảng tổng hợp'!$B:$BB,8,0),"") -> 500000 | I25: =IFERROR(VLOOKUP($B25,'Bảng tổng hợp'!$B:$BB,9,0),"") -> 1000000 | J25: =IFERROR(VLOOKUP($B25,'Bảng tổng hợp'!$B:$BB,10,0),"") -> 500000 | K25: =IFERROR(VLOOKUP($B25,'Bảng tổng hợp'!$B:$BB,11,0),"") -> 400000 | L25: =IFERROR(VLOOKUP($B25,'Bảng tổng hợp'!$B:$BB,12,0),"") -> 400000 | M25: =IFERROR(VLOOKUP($B25,'Bảng tổng hợp'!$B:$BB,13,0),"") -> 9300000 | N25: =IFERROR(VLOOKUP($B25,'Bảng tổng hợp'!$B:$BB,6,0),"") -> 7000000 | O25: =VLOOKUP(B25,'Bảng tổng hợp'!$B$4:$O$47,14,0) -> 26 | P25: =VLOOKUP(B25,'Bảng tổng hợp'!$B$4:$AA$41,23,0) -> 1000000 | Q25: =VLOOKUP(B25,'Bảng tổng hợp'!$B$4:$AA$41,24,0) -> 500000 | R25: =VLOOKUP(B25,'Bảng tổng hợp'!$B$4:$AA$41,25,0) -> 400000 | S25: =VLOOKUP(B25,'Bảng tổng hợp'!$B$4:$AA$41,26,0) -> 400000 | T25: =IFERROR(VLOOKUP($B25,'Bảng tổng hợp'!$B:$BB,15,0),"") -> 0 | U25: =IFERROR(VLOOKUP($B25,'Bảng tổng hợp'!$B:$BB,16,0),"") -> 0 | V25: =VLOOKUP($B25,'Bảng tổng hợp'!$B:$BB,17,0) -> 8.8 | W25: =IFERROR(VLOOKUP($B25,'Bảng tổng hợp'!$B:$BB,18,0),"") -> 444231 | X25: =VLOOKUP($B25,'Bảng tổng hợp'!$B:$BB,19,0) -> 8 | Y25: =IFERROR(VLOOKUP($B25,'Bảng tổng hợp'!$B:$BB,20,0),"") -> 538462 | Z25: =IFERROR(VLOOKUP($B25,'Bảng tổng hợp'!$B:$BB,27,0),"") -> 0 | AA25: =IFERROR(VLOOKUP($B25,'Bảng tổng hợp'!$B:$BB,28,0),"") -> 10282693 | AB25: =IFERROR(VLOOKUP($B25,'Bảng tổng hợp'!$B:$BB,38,0),"") -> 1505000 | AC25: =IFERROR(VLOOKUP($B25,'Bảng tổng hợp'!$B:$BB,39,0),"") -> 140000 | AD25: =IFERROR(VLOOKUP($B25,'Bảng tổng hợp'!$B:$BB,43,0),"") -> 735000 | AE25: =IFERROR(VLOOKUP($B25,'Bảng tổng hợp'!$B:$BB,44,0),"") -> 0 | AF25: =IFERROR(VLOOKUP($B25,'Bảng tổng hợp'!$B:$BB,52,0),"") -> 0 | AG25: =IFERROR(VLOOKUP($B25,'Bảng tổng hợp'!$B:$BB,48,0),"") -> 15500000 | AH25: =IFERROR(VLOOKUP($B25,'Bảng tổng hợp'!$B:$BB,49,0),"") -> 7500000 | AI25: =IFERROR(VLOOKUP($B25,'Bảng tổng hợp'!$B:$BB,50,0),"") -> 0 | AJ25: =IFERROR(VLOOKUP($B25,'Bảng tổng hợp'!$B:$BB,51,0),"") -> 0 | AK25: =IFERROR(VLOOKUP($B25,'Bảng tổng hợp'!$B:$BB,53,0),"") -> 9547693
A26: 10 | B26: ='Bảng tổng hợp'!B38 -> NV039 | C26: =IFERROR(VLOOKUP($B26,'Bảng tổng hợp'!$B:$BB,2,0),"") -> Nguyễn Ngọc Hân | D26: =IFERROR(VLOOKUP($B26,'Bảng tổng hợp'!$B:$BB,3,0),"") -> HĐLĐ | E26: =IFERROR(VLOOKUP($B26,'Bảng tổng hợp'!$B:$BB,4,0),"") -> Nhân viên tư vấn | F26: =IFERROR(VLOOKUP($B26,'Bảng tổng hợp'!$B:$BB,5,0),"") -> Kinh doanh | G26: =IFERROR(VLOOKUP($B26,'Bảng tổng hợp'!$B:$BB,7,0),"") -> 5500000 | H26: =IFERROR(VLOOKUP($B26,'Bảng tổng hợp'!$B:$BB,8,0),"") -> 500000 | I26: =IFERROR(VLOOKUP($B26,'Bảng tổng hợp'!$B:$BB,9,0),"") -> 1000000 | J26: =IFERROR(VLOOKUP($B26,'Bảng tổng hợp'!$B:$BB,10,0),"") -> 500000 | K26: =IFERROR(VLOOKUP($B26,'Bảng tổng hợp'!$B:$BB,11,0),"") -> 400000 | L26: =IFERROR(VLOOKUP($B26,'Bảng tổng hợp'!$B:$BB,12,0),"") -> 400000 | M26: =IFERROR(VLOOKUP($B26,'Bảng tổng hợp'!$B:$BB,13,0),"") -> 8300000 | N26: =IFERROR(VLOOKUP($B26,'Bảng tổng hợp'!$B:$BB,6,0),"") -> 6000000 | O26: =VLOOKUP(B26,'Bảng tổng hợp'!$B$4:$O$47,14,0) -> 23 | P26: =VLOOKUP(B26,'Bảng tổng hợp'!$B$4:$AA$41,23,0) -> 884615.38 | Q26: =VLOOKUP(B26,'Bảng tổng hợp'!$B$4:$AA$41,24,0) -> 442307.69 | R26: =VLOOKUP(B26,'Bảng tổng hợp'!$B$4:$AA$41,25,0) -> 353846.15 | S26: =VLOOKUP(B26,'Bảng tổng hợp'!$B$4:$AA$41,26,0) -> 400000 | T26: =IFERROR(VLOOKUP($B26,'Bảng tổng hợp'!$B:$BB,15,0),"") -> 1 | U26: =IFERROR(VLOOKUP($B26,'Bảng tổng hợp'!$B:$BB,16,0),"") -> 230769.23 | V26: =VLOOKUP($B26,'Bảng tổng hợp'!$B:$BB,17,0) -> 33.87 | W26: =IFERROR(VLOOKUP($B26,'Bảng tổng hợp'!$B:$BB,18,0),"") -> 1465529 | X26: =VLOOKUP($B26,'Bảng tổng hợp'!$B:$BB,19,0) -> 0 | Y26: =IFERROR(VLOOKUP($B26,'Bảng tổng hợp'!$B:$BB,20,0),"") -> 0 | Z26: =IFERROR(VLOOKUP($B26,'Bảng tổng hợp'!$B:$BB,27,0),"") -> 0 | AA26: =IFERROR(VLOOKUP($B26,'Bảng tổng hợp'!$B:$BB,28,0),"") -> 9084759.8 | AB26: =IFERROR(VLOOKUP($B26,'Bảng tổng hợp'!$B:$BB,38,0),"") -> 1290000 | AC26: =IFERROR(VLOOKUP($B26,'Bảng tổng hợp'!$B:$BB,39,0),"") -> 120000 | AD26: =IFERROR(VLOOKUP($B26,'Bảng tổng hợp'!$B:$BB,43,0),"") -> 630000 | AE26: =IFERROR(VLOOKUP($B26,'Bảng tổng hợp'!$B:$BB,44,0),"") -> 0 | AF26: =IFERROR(VLOOKUP($B26,'Bảng tổng hợp'!$B:$BB,52,0),"") -> 0 | AG26: =IFERROR(VLOOKUP($B26,'Bảng tổng hợp'!$B:$BB,48,0),"") -> 15500000 | AH26: =IFERROR(VLOOKUP($B26,'Bảng tổng hợp'!$B:$BB,49,0),"") -> 6135385 | AI26: =IFERROR(VLOOKUP($B26,'Bảng tổng hợp'!$B:$BB,50,0),"") -> 0 | AJ26: =IFERROR(VLOOKUP($B26,'Bảng tổng hợp'!$B:$BB,51,0),"") -> 0 | AK26: =IFERROR(VLOOKUP($B26,'Bảng tổng hợp'!$B:$BB,53,0),"") -> 8454760
A27: C. PHÒNG LOGISTIC | G27: =SUBTOTAL(9,G28:G33) -> 41000000 | H27: =SUBTOTAL(9,H28:H33) -> 5000000 | I27: =SUBTOTAL(9,I28:I33) -> 7400000 | J27: =SUBTOTAL(9,J28:J33) -> 3500000 | K27: =SUBTOTAL(9,K28:K33) -> 2400000 | L27: =SUBTOTAL(9,L28:L33) -> 2400000 | M27: =SUBTOTAL(9,M28:M33) -> 61700000 | N27: =SUBTOTAL(9,N28:N33) -> 46000000 | ... AK27: =SUBTOTAL(9,AK28:AK33) -> 59111299
A28: 11 | B28: =+'Bảng tổng hợp'!B12 -> NV001 | C28: =IFERROR(VLOOKUP($B28,'Bảng tổng hợp'!$B:$BB,2,0),"") -> Nguyễn Thị Châu Loan | D28: =IFERROR(VLOOKUP($B28,'Bảng tổng hợp'!$B:$BB,3,0),"") -> HĐLĐ | E28: =IFERROR(VLOOKUP($B28,'Bảng tổng hợp'!$B:$BB,4,0),"") -> Trưởng phòng | F28: =IFERROR(VLOOKUP($B28,'Bảng tổng hợp'!$B:$BB,5,0),"") -> Logistic | G28: =IFERROR(VLOOKUP($B28,'Bảng tổng hợp'!$B:$BB,7,0),"") -> 7500000 | H28: =IFERROR(VLOOKUP($B28,'Bảng tổng hợp'!$B:$BB,8,0),"") -> 1000000 | I28: =IFERROR(VLOOKUP($B28,'Bảng tổng hợp'!$B:$BB,9,0),"") -> 1800000 | J28: =IFERROR(VLOOKUP($B28,'Bảng tổng hợp'!$B:$BB,10,0),"") -> 500000 | K28: =IFERROR(VLOOKUP($B28,'Bảng tổng hợp'!$B:$BB,11,0),"") -> 400000 | L28: =IFERROR(VLOOKUP($B28,'Bảng tổng hợp'!$B:$BB,12,0),"") -> 400000 | M28: =IFERROR(VLOOKUP($B28,'Bảng tổng hợp'!$B:$BB,13,0),"") -> 11600000 | N28: =IFERROR(VLOOKUP($B28,'Bảng tổng hợp'!$B:$BB,6,0),"") -> 8500000 | O28: =VLOOKUP(B28,'Bảng tổng hợp'!$B$4:$O$47,14,0) -> 24 | P28: =VLOOKUP(B28,'Bảng tổng hợp'!$B$4:$AA$41,23,0) -> 1661538.5 | Q28: =VLOOKUP(B28,'Bảng tổng hợp'!$B$4:$AA$41,24,0) -> 461538.46 | R28: =VLOOKUP(B28,'Bảng tổng hợp'!$B$4:$AA$41,25,0) -> 369230.77 | S28: =VLOOKUP(B28,'Bảng tổng hợp'!$B$4:$AA$41,26,0) -> 400000 | T28: =IFERROR(VLOOKUP($B28,'Bảng tổng hợp'!$B:$BB,15,0),"") -> 2 | U28: =IFERROR(VLOOKUP($B28,'Bảng tổng hợp'!$B:$BB,16,0),"") -> 653846.15 | V28: =VLOOKUP($B28,'Bảng tổng hợp'!$B:$BB,17,0) -> 0 | W28: =IFERROR(VLOOKUP($B28,'Bảng tổng hợp'!$B:$BB,18,0),"") -> 0 | X28: =VLOOKUP($B28,'Bảng tổng hợp'!$B:$BB,19,0) -> 0 | Y28: =IFERROR(VLOOKUP($B28,'Bảng tổng hợp'!$B:$BB,20,0),"") -> 0 | Z28: =IFERROR(VLOOKUP($B28,'Bảng tổng hợp'!$B:$BB,27,0),"") -> 0 | AA28: =IFERROR(VLOOKUP($B28,'Bảng tổng hợp'!$B:$BB,28,0),"") -> 11392308 | AB28: =IFERROR(VLOOKUP($B28,'Bảng tổng hợp'!$B:$BB,38,0),"") -> 1827500 | AC28: =IFERROR(VLOOKUP($B28,'Bảng tổng hợp'!$B:$BB,39,0),"") -> 170000 | AD28: =IFERROR(VLOOKUP($B28,'Bảng tổng hợp'!$B:$BB,43,0),"") -> 892500 | AE28: =IFERROR(VLOOKUP($B28,'Bảng tổng hợp'!$B:$BB,44,0),"") -> 0 | AF28: =IFERROR(VLOOKUP($B28,'Bảng tổng hợp'!$B:$BB,52,0),"") -> 0 | AG28: =IFERROR(VLOOKUP($B28,'Bảng tổng hợp'!$B:$BB,48,0),"") -> 15500000 | AH28: =IFERROR(VLOOKUP($B28,'Bảng tổng hợp'!$B:$BB,49,0),"") -> 8961538 | AI28: =IFERROR(VLOOKUP($B28,'Bảng tổng hợp'!$B:$BB,50,0),"") -> 0 | AJ28: =IFERROR(VLOOKUP($B28,'Bảng tổng hợp'!$B:$BB,51,0),"") -> 0 | AK28: =IFERROR(VLOOKUP($B28,'Bảng tổng hợp'!$B:$BB,53,0),"") -> 10499808
A29: 12 | B29: =+'Bảng tổng hợp'!B13 -> NV005 | C29: =IFERROR(VLOOKUP($B29,'Bảng tổng hợp'!$B:$BB,2,0),"") -> Nguyễn Văn Thái | D29: =IFERROR(VLOOKUP($B29,'Bảng tổng hợp'!$B:$BB,3,0),"") -> HĐLĐ | E29: =IFERROR(VLOOKUP($B29,'Bảng tổng hợp'!$B:$BB,4,0),"") -> Phó phòng | F29: =IFERROR(VLOOKUP($B29,'Bảng tổng hợp'!$B:$BB,5,0),"") -> Logistic | G29: =IFERROR(VLOOKUP($B29,'Bảng tổng hợp'!$B:$BB,7,0),"") -> 7000000 | H29: =IFERROR(VLOOKUP($B29,'Bảng tổng hợp'!$B:$BB,8,0),"") -> 1000000 | I29: =IFERROR(VLOOKUP($B29,'Bảng tổng hợp'!$B:$BB,9,0),"") -> 1300000 | J29: =IFERROR(VLOOKUP($B29,'Bảng tổng hợp'!$B:$BB,10,0),"") -> 500000 | K29: =IFERROR(VLOOKUP($B29,'Bảng tổng hợp'!$B:$BB,11,0),"") -> 400000 | L29: =IFERROR(VLOOKUP($B29,'Bảng tổng hợp'!$B:$BB,12,0),"") -> 400000 | M29: =IFERROR(VLOOKUP($B29,'Bảng tổng hợp'!$B:$BB,13,0),"") -> 10600000 | N29: =IFERROR(VLOOKUP($B29,'Bảng tổng hợp'!$B:$BB,6,0),"") -> 8000000 | O29: =VLOOKUP(B29,'Bảng tổng hợp'!$B$4:$O$47,14,0) -> 24 | P29: =VLOOKUP(B29,'Bảng tổng hợp'!$B$4:$AA$41,23,0) -> 1200000 | Q29: =VLOOKUP(B29,'Bảng tổng hợp'!$B$4:$AA$41,24,0) -> 461538.46 | R29: =VLOOKUP(B29,'Bảng tổng hợp'!$B$4:$AA$41,25,0) -> 369230.77 | S29: =VLOOKUP(B29,'Bảng tổng hợp'!$B$4:$AA$41,26,0) -> 400000 | T29: =IFERROR(VLOOKUP($B29,'Bảng tổng hợp'!$B:$BB,15,0),"") -> 2 | U29: =IFERROR(VLOOKUP($B29,'Bảng tổng hợp'!$B:$BB,16,0),"") -> 615384.62 | V29: =VLOOKUP($B29,'Bảng tổng hợp'!$B:$BB,17,0) -> 0 | W29: =IFERROR(VLOOKUP($B29,'Bảng tổng hợp'!$B:$BB,18,0),"") -> 0 | X29: =VLOOKUP($B29,'Bảng tổng hợp'!$B:$BB,19,0) -> 8 | Y29: =IFERROR(VLOOKUP($B29,'Bảng tổng hợp'!$B:$BB,20,0),"") -> 615385 | Z29: =IFERROR(VLOOKUP($B29,'Bảng tổng hợp'!$B:$BB,27,0),"") -> 0 | AA29: =IFERROR(VLOOKUP($B29,'Bảng tổng hợp'!$B:$BB,28,0),"") -> 11046154 | AB29: =IFERROR(VLOOKUP($B29,'Bảng tổng hợp'!$B:$BB,38,0),"") -> 1720000 | AC29: =IFERROR(VLOOKUP($B29,'Bảng tổng hợp'!$B:$BB,39,0),"") -> 160000 | AD29: =IFERROR(VLOOKUP($B29,'Bảng tổng hợp'!$B:$BB,43,0),"") -> 840000 | AE29: =IFERROR(VLOOKUP($B29,'Bảng tổng hợp'!$B:$BB,44,0),"") -> 0 | AF29: =IFERROR(VLOOKUP($B29,'Bảng tổng hợp'!$B:$BB,52,0),"") -> 0 | AG29: =IFERROR(VLOOKUP($B29,'Bảng tổng hợp'!$B:$BB,48,0),"") -> 15500000 | AH29: =IFERROR(VLOOKUP($B29,'Bảng tổng hợp'!$B:$BB,49,0),"") -> 8461538 | AI29: =IFERROR(VLOOKUP($B29,'Bảng tổng hợp'!$B:$BB,50,0),"") -> 0 | AJ29: =IFERROR(VLOOKUP($B29,'Bảng tổng hợp'!$B:$BB,51,0),"") -> 0 | AK29: =IFERROR(VLOOKUP($B29,'Bảng tổng hợp'!$B:$BB,53,0),"") -> 10206154
A30: 13 | B30: =+'Bảng tổng hợp'!B14 -> NV010 | C30: =IFERROR(VLOOKUP($B30,'Bảng tổng hợp'!$B:$BB,2,0),"") -> Lê Hữu Thọ | D30: =IFERROR(VLOOKUP($B30,'Bảng tổng hợp'!$B:$BB,3,0),"") -> HĐLĐ | E30: =IFERROR(VLOOKUP($B30,'Bảng tổng hợp'!$B:$BB,4,0),"") -> Thủ kho trưởng | F30: =IFERROR(VLOOKUP($B30,'Bảng tổng hợp'!$B:$BB,5,0),"") -> Logistic | G30: =IFERROR(VLOOKUP($B30,'Bảng tổng hợp'!$B:$BB,7,0),"") -> 7000000 | H30: =IFERROR(VLOOKUP($B30,'Bảng tổng hợp'!$B:$BB,8,0),"") -> 1000000 | I30: =IFERROR(VLOOKUP($B30,'Bảng tổng hợp'!$B:$BB,9,0),"") -> 1300000 | J30: =IFERROR(VLOOKUP($B30,'Bảng tổng hợp'!$B:$BB,10,0),"") -> 500000 | K30: =IFERROR(VLOOKUP($B30,'Bảng tổng hợp'!$B:$BB,11,0),"") -> 400000 | L30: =IFERROR(VLOOKUP($B30,'Bảng tổng hợp'!$B:$BB,12,0),"") -> 400000 | M30: =IFERROR(VLOOKUP($B30,'Bảng tổng hợp'!$B:$BB,13,0),"") -> 10600000 | N30: =IFERROR(VLOOKUP($B30,'Bảng tổng hợp'!$B:$BB,6,0),"") -> 8000000 | O30: =VLOOKUP(B30,'Bảng tổng hợp'!$B$4:$O$47,14,0) -> 26 | P30: =VLOOKUP(B30,'Bảng tổng hợp'!$B$4:$AA$41,23,0) -> 1300000 | Q30: =VLOOKUP(B30,'Bảng tổng hợp'!$B$4:$AA$41,24,0) -> 500000 | R30: =VLOOKUP(B30,'Bảng tổng hợp'!$B$4:$AA$41,25,0) -> 400000 | S30: =VLOOKUP(B30,'Bảng tổng hợp'!$B$4:$AA$41,26,0) -> 400000 | T30: =IFERROR(VLOOKUP($B30,'Bảng tổng hợp'!$B:$BB,15,0),"") -> 0 | U30: =IFERROR(VLOOKUP($B30,'Bảng tổng hợp'!$B:$BB,16,0),"") -> 0 | V30: =VLOOKUP($B30,'Bảng tổng hợp'!$B:$BB,17,0) -> 0 | W30: =IFERROR(VLOOKUP($B30,'Bảng tổng hợp'!$B:$BB,18,0),"") -> 0 | X30: =VLOOKUP($B30,'Bảng tổng hợp'!$B:$BB,19,0) -> 8 | Y30: =IFERROR(VLOOKUP($B30,'Bảng tổng hợp'!$B:$BB,20,0),"") -> 615385 | Z30: =IFERROR(VLOOKUP($B30,'Bảng tổng hợp'!$B:$BB,27,0),"") -> 0 | AA30: =IFERROR(VLOOKUP($B30,'Bảng tổng hợp'!$B:$BB,28,0),"") -> 11215385 | AB30: =IFERROR(VLOOKUP($B30,'Bảng tổng hợp'!$B:$BB,38,0),"") -> 1720000 | AC30: =IFERROR(VLOOKUP($B30,'Bảng tổng hợp'!$B:$BB,39,0),"") -> 160000 | AD30: =IFERROR(VLOOKUP($B30,'Bảng tổng hợp'!$B:$BB,43,0),"") -> 840000 | AE30: =IFERROR(VLOOKUP($B30,'Bảng tổng hợp'!$B:$BB,44,0),"") -> 0 | AF30: =IFERROR(VLOOKUP($B30,'Bảng tổng hợp'!$B:$BB,52,0),"") -> 0 | AG30: =IFERROR(VLOOKUP($B30,'Bảng tổng hợp'!$B:$BB,48,0),"") -> 15500000 | AH30: =IFERROR(VLOOKUP($B30,'Bảng tổng hợp'!$B:$BB,49,0),"") -> 8500000 | AI30: =IFERROR(VLOOKUP($B30,'Bảng tổng hợp'!$B:$BB,50,0),"") -> 0 | AJ30: =IFERROR(VLOOKUP($B30,'Bảng tổng hợp'!$B:$BB,51,0),"") -> 0 | AK30: =IFERROR(VLOOKUP($B30,'Bảng tổng hợp'!$B:$BB,53,0),"") -> 10375385
A31: =+A30+1 -> 14 | B31: =+'Bảng tổng hợp'!B15 -> NV020 | C31: =IFERROR(VLOOKUP($B31,'Bảng tổng hợp'!$B:$BB,2,0),"") -> Dương Nhựt Thành | D31: =IFERROR(VLOOKUP($B31,'Bảng tổng hợp'!$B:$BB,3,0),"") -> HĐLĐ | E31: =IFERROR(VLOOKUP($B31,'Bảng tổng hợp'!$B:$BB,4,0),"") -> Nhân viên | F31: =IFERROR(VLOOKUP($B31,'Bảng tổng hợp'!$B:$BB,5,0),"") -> Logistic | G31: =IFERROR(VLOOKUP($B31,'Bảng tổng hợp'!$B:$BB,7,0),"") -> 6500000 | H31: =IFERROR(VLOOKUP($B31,'Bảng tổng hợp'!$B:$BB,8,0),"") -> 500000 | I31: =IFERROR(VLOOKUP($B31,'Bảng tổng hợp'!$B:$BB,9,0),"") -> 1000000 | J31: =IFERROR(VLOOKUP($B31,'Bảng tổng hợp'!$B:$BB,10,0),"") -> 1000000 | K31: =IFERROR(VLOOKUP($B31,'Bảng tổng hợp'!$B:$BB,11,0),"") -> 500000 | L31: =IFERROR(VLOOKUP($B31,'Bảng tổng hợp'!$B:$BB,12,0),"") -> 400000 | M31: =IFERROR(VLOOKUP($B31,'Bảng tổng hợp'!$B:$BB,13,0),"") -> 9900000 | N31: =IFERROR(VLOOKUP($B31,'Bảng tổng hợp'!$B:$BB,6,0),"") -> 7000000 | O31: =VLOOKUP(B31,'Bảng tổng hợp'!$B$4:$O$47,14,0) -> 24 | P31: =VLOOKUP(B31,'Bảng tổng hợp'!$B$4:$AA$41,23,0) -> 923076.92 | Q31: =VLOOKUP(B31,'Bảng tổng hợp'!$B$4:$AA$41,24,0) -> 923076.92 | R31: =VLOOKUP(B31,'Bảng tổng hợp'!$B$4:$AA$41,25,0) -> 461538.46 | S31: =VLOOKUP(B31,'Bảng tổng hợp'!$B$4:$AA$41,26,0) -> 400000 | T31: =IFERROR(VLOOKUP($B31,'Bảng tổng hợp'!$B:$BB,15,0),"") -> 2 | U31: =IFERROR(VLOOKUP($B31,'Bảng tổng hợp'!$B:$BB,16,0),"") -> 538461.54 | V31: =VLOOKUP($B31,'Bảng tổng hợp'!$B:$BB,17,0) -> 0 | W31: =IFERROR(VLOOKUP($B31,'Bảng tổng hợp'!$B:$BB,18,0),"") -> 0 | X31: =VLOOKUP($B31,'Bảng tổng hợp'!$B:$BB,19,0) -> 0 | Y31: =IFERROR(VLOOKUP($B31,'Bảng tổng hợp'!$B:$BB,20,0),"") -> 0 | Z31: =IFERROR(VLOOKUP($B31,'Bảng tổng hợp'!$B:$BB,27,0),"") -> 0 | AA31: =IFERROR(VLOOKUP($B31,'Bảng tổng hợp'!$B:$BB,28,0),"") -> 9707692.3 | AB31: =IFERROR(VLOOKUP($B31,'Bảng tổng hợp'!$B:$BB,38,0),"") -> 1505000 | AC31: =IFERROR(VLOOKUP($B31,'Bảng tổng hợp'!$B:$BB,39,0),"") -> 140000 | AD31: =IFERROR(VLOOKUP($B31,'Bảng tổng hợp'!$B:$BB,43,0),"") -> 735000 | AE31: =IFERROR(VLOOKUP($B31,'Bảng tổng hợp'!$B:$BB,44,0),"") -> 0 | AF31: =IFERROR(VLOOKUP($B31,'Bảng tổng hợp'!$B:$BB,52,0),"") -> 0 | AG31: =IFERROR(VLOOKUP($B31,'Bảng tổng hợp'!$B:$BB,48,0),"") -> 15500000 | AH31: =IFERROR(VLOOKUP($B31,'Bảng tổng hợp'!$B:$BB,49,0),"") -> 7923077 | AI31: =IFERROR(VLOOKUP($B31,'Bảng tổng hợp'!$B:$BB,50,0),"") -> 0 | AJ31: =IFERROR(VLOOKUP($B31,'Bảng tổng hợp'!$B:$BB,51,0),"") -> 0 | AK31: =IFERROR(VLOOKUP($B31,'Bảng tổng hợp'!$B:$BB,53,0),"") -> 8972692
A32: =+A31+1 -> 15 | B32: =+'Bảng tổng hợp'!B16 -> NV031 | C32: =IFERROR(VLOOKUP($B32,'Bảng tổng hợp'!$B:$BB,2,0),"") -> Tiết Trinh Nguyên | D32: =IFERROR(VLOOKUP($B32,'Bảng tổng hợp'!$B:$BB,3,0),"") -> HĐLĐ | E32: =IFERROR(VLOOKUP($B32,'Bảng tổng hợp'!$B:$BB,4,0),"") -> Nhân viên | F32: =IFERROR(VLOOKUP($B32,'Bảng tổng hợp'!$B:$BB,5,0),"") -> Logistic | G32: =IFERROR(VLOOKUP($B32,'Bảng tổng hợp'!$B:$BB,7,0),"") -> 6500000 | H32: =IFERROR(VLOOKUP($B32,'Bảng tổng hợp'!$B:$BB,8,0),"") -> 500000 | I32: =IFERROR(VLOOKUP($B32,'Bảng tổng hợp'!$B:$BB,9,0),"") -> 1000000 | J32: =IFERROR(VLOOKUP($B32,'Bảng tổng hợp'!$B:$BB,10,0),"") -> 500000 | K32: =IFERROR(VLOOKUP($B32,'Bảng tổng hợp'!$B:$BB,11,0),"") -> 300000 | L32: =IFERROR(VLOOKUP($B32,'Bảng tổng hợp'!$B:$BB,12,0),"") -> 400000 | M32: =IFERROR(VLOOKUP($B32,'Bảng tổng hợp'!$B:$BB,13,0),"") -> 9200000 | N32: =IFERROR(VLOOKUP($B32,'Bảng tổng hợp'!$B:$BB,6,0),"") -> 7000000 | O32: =VLOOKUP(B32,'Bảng tổng hợp'!$B$4:$O$47,14,0) -> 25 | P32: =VLOOKUP(B32,'Bảng tổng hợp'!$B$4:$AA$41,23,0) -> 961538.46 | Q32: =VLOOKUP(B32,'Bảng tổng hợp'!$B$4:$AA$41,24,0) -> 480769.23 | R32: =VLOOKUP(B32,'Bảng tổng hợp'!$B$4:$AA$41,25,0) -> 288461.54 | S32: =VLOOKUP(B32,'Bảng tổng hợp'!$B$4:$AA$41,26,0) -> 400000 | T32: =IFERROR(VLOOKUP($B32,'Bảng tổng hợp'!$B:$BB,15,0),"") -> 1 | U32: =IFERROR(VLOOKUP($B32,'Bảng tổng hợp'!$B:$BB,16,0),"") -> 269230.77 | V32: =VLOOKUP($B32,'Bảng tổng hợp'!$B:$BB,17,0) -> 21.33 | W32: =IFERROR(VLOOKUP($B32,'Bảng tổng hợp'!$B:$BB,18,0),"") -> 1076755 | X32: =VLOOKUP($B32,'Bảng tổng hợp'!$B:$BB,19,0) -> 0 | Y32: =IFERROR(VLOOKUP($B32,'Bảng tổng hợp'!$B:$BB,20,0),"") -> 0 | Z32: =IFERROR(VLOOKUP($B32,'Bảng tổng hợp'!$B:$BB,27,0),"") -> 0 | AA32: =IFERROR(VLOOKUP($B32,'Bảng tổng hợp'!$B:$BB,28,0),"") -> 10207524 | AB32: =IFERROR(VLOOKUP($B32,'Bảng tổng hợp'!$B:$BB,38,0),"") -> 1505000 | AC32: =IFERROR(VLOOKUP($B32,'Bảng tổng hợp'!$B:$BB,39,0),"") -> 140000 | AD32: =IFERROR(VLOOKUP($B32,'Bảng tổng hợp'!$B:$BB,43,0),"") -> 735000 | AE32: =IFERROR(VLOOKUP($B32,'Bảng tổng hợp'!$B:$BB,44,0),"") -> 0 | AF32: =IFERROR(VLOOKUP($B32,'Bảng tổng hợp'!$B:$BB,52,0),"") -> 0 | AG32: =IFERROR(VLOOKUP($B32,'Bảng tổng hợp'!$B:$BB,48,0),"") -> 15500000 | AH32: =IFERROR(VLOOKUP($B32,'Bảng tổng hợp'!$B:$BB,49,0),"") -> 7480769 | AI32: =IFERROR(VLOOKUP($B32,'Bảng tổng hợp'!$B:$BB,50,0),"") -> 0 | AJ32: =IFERROR(VLOOKUP($B32,'Bảng tổng hợp'!$B:$BB,51,0),"") -> 0 | AK32: =IFERROR(VLOOKUP($B32,'Bảng tổng hợp'!$B:$BB,53,0),"") -> 9472524
A33: =+A32+1 -> 16 | B33: ='Bảng tổng hợp'!B17 -> NV036 | C33: =IFERROR(VLOOKUP($B33,'Bảng tổng hợp'!$B:$BB,2,0),"") -> Nguyễn Hoàng Ngọc Châu | D33: =IFERROR(VLOOKUP($B33,'Bảng tổng hợp'!$B:$BB,3,0),"") -> HĐLĐ | E33: =IFERROR(VLOOKUP($B33,'Bảng tổng hợp'!$B:$BB,4,0),"") -> Nhân viên | F33: =IFERROR(VLOOKUP($B33,'Bảng tổng hợp'!$B:$BB,5,0),"") -> Logistic | G33: =IFERROR(VLOOKUP($B33,'Bảng tổng hợp'!$B:$BB,7,0),"") -> 6500000 | H33: =IFERROR(VLOOKUP($B33,'Bảng tổng hợp'!$B:$BB,8,0),"") -> 1000000 | I33: =IFERROR(VLOOKUP($B33,'Bảng tổng hợp'!$B:$BB,9,0),"") -> 1000000 | J33: =IFERROR(VLOOKUP($B33,'Bảng tổng hợp'!$B:$BB,10,0),"") -> 500000 | K33: =IFERROR(VLOOKUP($B33,'Bảng tổng hợp'!$B:$BB,11,0),"") -> 400000 | L33: =IFERROR(VLOOKUP($B33,'Bảng tổng hợp'!$B:$BB,12,0),"") -> 400000 | M33: =IFERROR(VLOOKUP($B33,'Bảng tổng hợp'!$B:$BB,13,0),"") -> 9800000 | N33: =IFERROR(VLOOKUP($B33,'Bảng tổng hợp'!$B:$BB,6,0),"") -> 7500000 | O33: =VLOOKUP(B33,'Bảng tổng hợp'!$B$4:$O$47,14,0) -> 26 | P33: =VLOOKUP(B33,'Bảng tổng hợp'!$B$4:$AA$41,23,0) -> 1000000 | Q33: =VLOOKUP(B33,'Bảng tổng hợp'!$B$4:$AA$41,24,0) -> 500000 | R33: =VLOOKUP(B33,'Bảng tổng hợp'!$B$4:$AA$41,25,0) -> 400000 | S33: =VLOOKUP(B33,'Bảng tổng hợp'!$B$4:$AA$41,26,0) -> 400000 | T33: =IFERROR(VLOOKUP($B33,'Bảng tổng hợp'!$B:$BB,15,0),"") -> 0 | U33: =IFERROR(VLOOKUP($B33,'Bảng tổng hợp'!$B:$BB,16,0),"") -> 0 | V33: =VLOOKUP($B33,'Bảng tổng hợp'!$B:$BB,17,0) -> 10.58 | W33: =IFERROR(VLOOKUP($B33,'Bảng tổng hợp'!$B:$BB,18,0),"") -> 572236 | X33: =VLOOKUP($B33,'Bảng tổng hợp'!$B:$BB,19,0) -> 0 | Y33: =IFERROR(VLOOKUP($B33,'Bảng tổng hợp'!$B:$BB,20,0),"") -> 0 | Z33: =IFERROR(VLOOKUP($B33,'Bảng tổng hợp'!$B:$BB,27,0),"") -> 0 | AA33: =IFERROR(VLOOKUP($B33,'Bảng tổng hợp'!$B:$BB,28,0),"") -> 10372236 | AB33: =IFERROR(VLOOKUP($B33,'Bảng tổng hợp'!$B:$BB,38,0),"") -> 1612500 | AC33: =IFERROR(VLOOKUP($B33,'Bảng tổng hợp'!$B:$BB,39,0),"") -> 150000 | AD33: =IFERROR(VLOOKUP($B33,'Bảng tổng hợp'!$B:$BB,43,0),"") -> 787500 | AE33: =IFERROR(VLOOKUP($B33,'Bảng tổng hợp'!$B:$BB,44,0),"") -> 0 | AF33: =IFERROR(VLOOKUP($B33,'Bảng tổng hợp'!$B:$BB,52,0),"") -> 0 | AG33: =IFERROR(VLOOKUP($B33,'Bảng tổng hợp'!$B:$BB,48,0),"") -> 15500000 | AH33: =IFERROR(VLOOKUP($B33,'Bảng tổng hợp'!$B:$BB,49,0),"") -> 8000000 | AI33: =IFERROR(VLOOKUP($B33,'Bảng tổng hợp'!$B:$BB,50,0),"") -> 0 | AJ33: =IFERROR(VLOOKUP($B33,'Bảng tổng hợp'!$B:$BB,51,0),"") -> 0 | AK33: =IFERROR(VLOOKUP($B33,'Bảng tổng hợp'!$B:$BB,53,0),"") -> 9584736
A34: D. PHÒNG SẢN XUẤT | G34: =SUBTOTAL(9,G35:G52) -> 119000000 | H34: =SUBTOTAL(9,H35:H52) -> 11000000 | I34: =SUBTOTAL(9,I35:I52) -> 20700000 | J34: =SUBTOTAL(9,J35:J52) -> 9000000 | K34: =SUBTOTAL(9,K35:K52) -> 5800000 | L34: =SUBTOTAL(9,L35:L52) -> 7200000 | M34: =SUBTOTAL(9,M35:M52) -> 172700000 | N34: =SUBTOTAL(9,N35:N52) -> 130000000 | ... AK34: =SUBTOTAL(9,AK35:AK52) -> 181101527
A35: 17 | B35: =+'Bảng tổng hợp'!B18 -> NV006 | C35: =IFERROR(VLOOKUP($B35,'Bảng tổng hợp'!$B:$BB,2,0),"") -> Dương Nguyễn Anh Khoa | D35: =IFERROR(VLOOKUP($B35,'Bảng tổng hợp'!$B:$BB,3,0),"") -> HĐLĐ | E35: =IFERROR(VLOOKUP($B35,'Bảng tổng hợp'!$B:$BB,4,0),"") -> Trưởng phòng | F35: =IFERROR(VLOOKUP($B35,'Bảng tổng hợp'!$B:$BB,5,0),"") -> Sản xuất | G35: =IFERROR(VLOOKUP($B35,'Bảng tổng hợp'!$B:$BB,7,0),"") -> 7500000 | H35: =IFERROR(VLOOKUP($B35,'Bảng tổng hợp'!$B:$BB,8,0),"") -> 1000000 | I35: =IFERROR(VLOOKUP($B35,'Bảng tổng hợp'!$B:$BB,9,0),"") -> 1800000 | J35: =IFERROR(VLOOKUP($B35,'Bảng tổng hợp'!$B:$BB,10,0),"") -> 500000 | K35: =IFERROR(VLOOKUP($B35,'Bảng tổng hợp'!$B:$BB,11,0),"") -> 400000 | L35: =IFERROR(VLOOKUP($B35,'Bảng tổng hợp'!$B:$BB,12,0),"") -> 400000 | M35: =IFERROR(VLOOKUP($B35,'Bảng tổng hợp'!$B:$BB,13,0),"") -> 11600000 | N35: =IFERROR(VLOOKUP($B35,'Bảng tổng hợp'!$B:$BB,6,0),"") -> 8500000 | O35: =VLOOKUP(B35,'Bảng tổng hợp'!$B$4:$O$47,14,0) -> 26 | P35: =VLOOKUP(B35,'Bảng tổng hợp'!$B$4:$AA$41,23,0) -> 1800000 | Q35: =VLOOKUP(B35,'Bảng tổng hợp'!$B$4:$AA$41,24,0) -> 500000 | R35: =VLOOKUP(B35,'Bảng tổng hợp'!$B$4:$AA$41,25,0) -> 400000 | S35: =VLOOKUP(B35,'Bảng tổng hợp'!$B$4:$AA$41,26,0) -> 400000 | T35: =IFERROR(VLOOKUP($B35,'Bảng tổng hợp'!$B:$BB,15,0),"") -> 0 | U35: =IFERROR(VLOOKUP($B35,'Bảng tổng hợp'!$B:$BB,16,0),"") -> 0 | V35: =VLOOKUP($B35,'Bảng tổng hợp'!$B:$BB,17,0) -> 38.05 | W35: =IFERROR(VLOOKUP($B35,'Bảng tổng hợp'!$B:$BB,18,0),"") -> 2332392 | X35: =VLOOKUP($B35,'Bảng tổng hợp'!$B:$BB,19,0) -> 0 | Y35: =IFERROR(VLOOKUP($B35,'Bảng tổng hợp'!$B:$BB,20,0),"") -> 0 | Z35: =IFERROR(VLOOKUP($B35,'Bảng tổng hợp'!$B:$BB,27,0),"") -> 0 | AA35: =IFERROR(VLOOKUP($B35,'Bảng tổng hợp'!$B:$BB,28,0),"") -> 13932392 | AB35: =IFERROR(VLOOKUP($B35,'Bảng tổng hợp'!$B:$BB,38,0),"") -> 1827500 | AC35: =IFERROR(VLOOKUP($B35,'Bảng tổng hợp'!$B:$BB,39,0),"") -> 170000 | AD35: =IFERROR(VLOOKUP($B35,'Bảng tổng hợp'!$B:$BB,43,0),"") -> 892500 | AE35: =IFERROR(VLOOKUP($B35,'Bảng tổng hợp'!$B:$BB,44,0),"") -> 0 | AF35: =IFERROR(VLOOKUP($B35,'Bảng tổng hợp'!$B:$BB,52,0),"") -> 0 | AG35: =IFERROR(VLOOKUP($B35,'Bảng tổng hợp'!$B:$BB,48,0),"") -> 15500000 | AH35: =IFERROR(VLOOKUP($B35,'Bảng tổng hợp'!$B:$BB,49,0),"") -> 9000000 | AI35: =IFERROR(VLOOKUP($B35,'Bảng tổng hợp'!$B:$BB,50,0),"") -> 0 | AJ35: =IFERROR(VLOOKUP($B35,'Bảng tổng hợp'!$B:$BB,51,0),"") -> 0 | AK35: =IFERROR(VLOOKUP($B35,'Bảng tổng hợp'!$B:$BB,53,0),"") -> 13039892
A36: 18 | B36: =+'Bảng tổng hợp'!B19 -> NV007 | C36: =IFERROR(VLOOKUP($B36,'Bảng tổng hợp'!$B:$BB,2,0),"") -> Mai Hà Xuân Phúc | D36: =IFERROR(VLOOKUP($B36,'Bảng tổng hợp'!$B:$BB,3,0),"") -> HĐLĐ | E36: =IFERROR(VLOOKUP($B36,'Bảng tổng hợp'!$B:$BB,4,0),"") -> Phó phòng | F36: =IFERROR(VLOOKUP($B36,'Bảng tổng hợp'!$B:$BB,5,0),"") -> Sản xuất | G36: =IFERROR(VLOOKUP($B36,'Bảng tổng hợp'!$B:$BB,7,0),"") -> 7000000 | H36: =IFERROR(VLOOKUP($B36,'Bảng tổng hợp'!$B:$BB,8,0),"") -> 1000000 | I36: =IFERROR(VLOOKUP($B36,'Bảng tổng hợp'!$B:$BB,9,0),"") -> 1300000 | J36: =IFERROR(VLOOKUP($B36,'Bảng tổng hợp'!$B:$BB,10,0),"") -> 500000 | K36: =IFERROR(VLOOKUP($B36,'Bảng tổng hợp'!$B:$BB,11,0),"") -> 400000 | L36: =IFERROR(VLOOKUP($B36,'Bảng tổng hợp'!$B:$BB,12,0),"") -> 400000 | M36: =IFERROR(VLOOKUP($B36,'Bảng tổng hợp'!$B:$BB,13,0),"") -> 10600000 | N36: =IFERROR(VLOOKUP($B36,'Bảng tổng hợp'!$B:$BB,6,0),"") -> 8000000 | O36: =VLOOKUP(B36,'Bảng tổng hợp'!$B$4:$O$47,14,0) -> 26 | P36: =VLOOKUP(B36,'Bảng tổng hợp'!$B$4:$AA$41,23,0) -> 1300000 | Q36: =VLOOKUP(B36,'Bảng tổng hợp'!$B$4:$AA$41,24,0) -> 500000 | R36: =VLOOKUP(B36,'Bảng tổng hợp'!$B$4:$AA$41,25,0) -> 400000 | S36: =VLOOKUP(B36,'Bảng tổng hợp'!$B$4:$AA$41,26,0) -> 400000 | T36: =IFERROR(VLOOKUP($B36,'Bảng tổng hợp'!$B:$BB,15,0),"") -> 0 | U36: =IFERROR(VLOOKUP($B36,'Bảng tổng hợp'!$B:$BB,16,0),"") -> 0 | V36: =VLOOKUP($B36,'Bảng tổng hợp'!$B:$BB,17,0) -> 34.58 | W36: =IFERROR(VLOOKUP($B36,'Bảng tổng hợp'!$B:$BB,18,0),"") -> 1995000 | X36: =VLOOKUP($B36,'Bảng tổng hợp'!$B:$BB,19,0) -> 8 | Y36: =IFERROR(VLOOKUP($B36,'Bảng tổng hợp'!$B:$BB,20,0),"") -> 615385 | Z36: =IFERROR(VLOOKUP($B36,'Bảng tổng hợp'!$B:$BB,27,0),"") -> 0 | AA36: =IFERROR(VLOOKUP($B36,'Bảng tổng hợp'!$B:$BB,28,0),"") -> 13210385 | AB36: =IFERROR(VLOOKUP($B36,'Bảng tổng hợp'!$B:$BB,38,0),"") -> 1720000 | AC36: =IFERROR(VLOOKUP($B36,'Bảng tổng hợp'!$B:$BB,39,0),"") -> 160000 | AD36: =IFERROR(VLOOKUP($B36,'Bảng tổng hợp'!$B:$BB,43,0),"") -> 840000 | AE36: =IFERROR(VLOOKUP($B36,'Bảng tổng hợp'!$B:$BB,44,0),"") -> 0 | AF36: =IFERROR(VLOOKUP($B36,'Bảng tổng hợp'!$B:$BB,52,0),"") -> 0 | AG36: =IFERROR(VLOOKUP($B36,'Bảng tổng hợp'!$B:$BB,48,0),"") -> 15500000 | AH36: =IFERROR(VLOOKUP($B36,'Bảng tổng hợp'!$B:$BB,49,0),"") -> 8500000 | AI36: =IFERROR(VLOOKUP($B36,'Bảng tổng hợp'!$B:$BB,50,0),"") -> 0 | AJ36: =IFERROR(VLOOKUP($B36,'Bảng tổng hợp'!$B:$BB,51,0),"") -> 0 | AK36: =IFERROR(VLOOKUP($B36,'Bảng tổng hợp'!$B:$BB,53,0),"") -> 12370385
A37: 19 | B37: =+'Bảng tổng hợp'!B20 -> NV015 | C37: =IFERROR(VLOOKUP($B37,'Bảng tổng hợp'!$B:$BB,2,0),"") -> Võ Thị Hoà | D37: =IFERROR(VLOOKUP($B37,'Bảng tổng hợp'!$B:$BB,3,0),"") -> HĐLĐ | E37: =IFERROR(VLOOKUP($B37,'Bảng tổng hợp'!$B:$BB,4,0),"") -> Tổ trưởng tổ 1 | F37: =IFERROR(VLOOKUP($B37,'Bảng tổng hợp'!$B:$BB,5,0),"") -> Sản xuất | G37: =IFERROR(VLOOKUP($B37,'Bảng tổng hợp'!$B:$BB,7,0),"") -> 7500000 | H37: =IFERROR(VLOOKUP($B37,'Bảng tổng hợp'!$B:$BB,8,0),"") -> 1000000 | I37: =IFERROR(VLOOKUP($B37,'Bảng tổng hợp'!$B:$BB,9,0),"") -> 1800000 | J37: =IFERROR(VLOOKUP($B37,'Bảng tổng hợp'!$B:$BB,10,0),"") -> 500000 | K37: =IFERROR(VLOOKUP($B37,'Bảng tổng hợp'!$B:$BB,11,0),"") -> 300000 | L37: =IFERROR(VLOOKUP($B37,'Bảng tổng hợp'!$B:$BB,12,0),"") -> 400000 | M37: =IFERROR(VLOOKUP($B37,'Bảng tổng hợp'!$B:$BB,13,0),"") -> 11500000 | N37: =IFERROR(VLOOKUP($B37,'Bảng tổng hợp'!$B:$BB,6,0),"") -> 8500000 | O37: =VLOOKUP(B37,'Bảng tổng hợp'!$B$4:$O$47,14,0) -> 26 | P37: =VLOOKUP(B37,'Bảng tổng hợp'!$B$4:$AA$41,23,0) -> 1800000 | Q37: =VLOOKUP(B37,'Bảng tổng hợp'!$B$4:$AA$41,24,0) -> 500000 | R37: =VLOOKUP(B37,'Bảng tổng hợp'!$B$4:$AA$41,25,0) -> 300000 | S37: =VLOOKUP(B37,'Bảng tổng hợp'!$B$4:$AA$41,26,0) -> 400000 | T37: =IFERROR(VLOOKUP($B37,'Bảng tổng hợp'!$B:$BB,15,0),"") -> 0 | U37: =IFERROR(VLOOKUP($B37,'Bảng tổng hợp'!$B:$BB,16,0),"") -> 0 | V37: =VLOOKUP($B37,'Bảng tổng hợp'!$B:$BB,17,0) -> 21.47 | W37: =IFERROR(VLOOKUP($B37,'Bảng tổng hợp'!$B:$BB,18,0),"") -> 1316070 | X37: =VLOOKUP($B37,'Bảng tổng hợp'!$B:$BB,19,0) -> 0 | Y37: =IFERROR(VLOOKUP($B37,'Bảng tổng hợp'!$B:$BB,20,0),"") -> 0 | Z37: =IFERROR(VLOOKUP($B37,'Bảng tổng hợp'!$B:$BB,27,0),"") -> 0 | AA37: =IFERROR(VLOOKUP($B37,'Bảng tổng hợp'!$B:$BB,28,0),"") -> 12816070 | AB37: =IFERROR(VLOOKUP($B37,'Bảng tổng hợp'!$B:$BB,38,0),"") -> 1827500 | AC37: =IFERROR(VLOOKUP($B37,'Bảng tổng hợp'!$B:$BB,39,0),"") -> 170000 | AD37: =IFERROR(VLOOKUP($B37,'Bảng tổng hợp'!$B:$BB,43,0),"") -> 892500 | AE37: =IFERROR(VLOOKUP($B37,'Bảng tổng hợp'!$B:$BB,44,0),"") -> 0 | AF37: =IFERROR(VLOOKUP($B37,'Bảng tổng hợp'!$B:$BB,52,0),"") -> 0 | AG37: =IFERROR(VLOOKUP($B37,'Bảng tổng hợp'!$B:$BB,48,0),"") -> 15500000 | AH37: =IFERROR(VLOOKUP($B37,'Bảng tổng hợp'!$B:$BB,49,0),"") -> 9000000 | AI37: =IFERROR(VLOOKUP($B37,'Bảng tổng hợp'!$B:$BB,50,0),"") -> 0 | AJ37: =IFERROR(VLOOKUP($B37,'Bảng tổng hợp'!$B:$BB,51,0),"") -> 0 | AK37: =IFERROR(VLOOKUP($B37,'Bảng tổng hợp'!$B:$BB,53,0),"") -> 11923570
A38: 20 | B38: =+'Bảng tổng hợp'!B21 -> NV021 | C38: =IFERROR(VLOOKUP($B38,'Bảng tổng hợp'!$B:$BB,2,0),"") -> Võ Thị Hoài | D38: =IFERROR(VLOOKUP($B38,'Bảng tổng hợp'!$B:$BB,3,0),"") -> HĐLĐ | E38: =IFERROR(VLOOKUP($B38,'Bảng tổng hợp'!$B:$BB,4,0),"") -> Tổ trưởng tổ 2 | F38: =IFERROR(VLOOKUP($B38,'Bảng tổng hợp'!$B:$BB,5,0),"") -> Sản xuất | G38: =IFERROR(VLOOKUP($B38,'Bảng tổng hợp'!$B:$BB,7,0),"") -> 7500000 | H38: =IFERROR(VLOOKUP($B38,'Bảng tổng hợp'!$B:$BB,8,0),"") -> 1000000 | I38: =IFERROR(VLOOKUP($B38,'Bảng tổng hợp'!$B:$BB,9,0),"") -> 1800000 | J38: =IFERROR(VLOOKUP($B38,'Bảng tổng hợp'!$B:$BB,10,0),"") -> 500000 | K38: =IFERROR(VLOOKUP($B38,'Bảng tổng hợp'!$B:$BB,11,0),"") -> 300000 | L38: =IFERROR(VLOOKUP($B38,'Bảng tổng hợp'!$B:$BB,12,0),"") -> 400000 | M38: =IFERROR(VLOOKUP($B38,'Bảng tổng hợp'!$B:$BB,13,0),"") -> 11500000 | N38: =IFERROR(VLOOKUP($B38,'Bảng tổng hợp'!$B:$BB,6,0),"") -> 8500000 | O38: =VLOOKUP(B38,'Bảng tổng hợp'!$B$4:$O$47,14,0) -> 25 | P38: =VLOOKUP(B38,'Bảng tổng hợp'!$B$4:$AA$41,23,0) -> 1730769.2 | Q38: =VLOOKUP(B38,'Bảng tổng hợp'!$B$4:$AA$41,24,0) -> 480769.23 | R38: =VLOOKUP(B38,'Bảng tổng hợp'!$B$4:$AA$41,25,0) -> 288461.54 | S38: =VLOOKUP(B38,'Bảng tổng hợp'!$B$4:$AA$41,26,0) -> 400000 | T38: =IFERROR(VLOOKUP($B38,'Bảng tổng hợp'!$B:$BB,15,0),"") -> 1 | U38: =IFERROR(VLOOKUP($B38,'Bảng tổng hợp'!$B:$BB,16,0),"") -> 326923.08 | V38: =VLOOKUP($B38,'Bảng tổng hợp'!$B:$BB,17,0) -> 39.05 | W38: =IFERROR(VLOOKUP($B38,'Bảng tổng hợp'!$B:$BB,18,0),"") -> 2393690 | X38: =VLOOKUP($B38,'Bảng tổng hợp'!$B:$BB,19,0) -> 0 | Y38: =IFERROR(VLOOKUP($B38,'Bảng tổng hợp'!$B:$BB,20,0),"") -> 0 | Z38: =IFERROR(VLOOKUP($B38,'Bảng tổng hợp'!$B:$BB,27,0),"") -> 0 | AA38: =IFERROR(VLOOKUP($B38,'Bảng tổng hợp'!$B:$BB,28,0),"") -> 13793690 | AB38: =IFERROR(VLOOKUP($B38,'Bảng tổng hợp'!$B:$BB,38,0),"") -> 1827500 | AC38: =IFERROR(VLOOKUP($B38,'Bảng tổng hợp'!$B:$BB,39,0),"") -> 170000 | AD38: =IFERROR(VLOOKUP($B38,'Bảng tổng hợp'!$B:$BB,43,0),"") -> 892500 | AE38: =IFERROR(VLOOKUP($B38,'Bảng tổng hợp'!$B:$BB,44,0),"") -> 0 | AF38: =IFERROR(VLOOKUP($B38,'Bảng tổng hợp'!$B:$BB,52,0),"") -> 0 | AG38: =IFERROR(VLOOKUP($B38,'Bảng tổng hợp'!$B:$BB,48,0),"") -> 15500000 | AH38: =IFERROR(VLOOKUP($B38,'Bảng tổng hợp'!$B:$BB,49,0),"") -> 8980769 | AI38: =IFERROR(VLOOKUP($B38,'Bảng tổng hợp'!$B:$BB,50,0),"") -> 0 | AJ38: =IFERROR(VLOOKUP($B38,'Bảng tổng hợp'!$B:$BB,51,0),"") -> 0 | AK38: =IFERROR(VLOOKUP($B38,'Bảng tổng hợp'!$B:$BB,53,0),"") -> 12901190
A39: 21 | B39: =+'Bảng tổng hợp'!B22 -> NV016 | C39: =IFERROR(VLOOKUP($B39,'Bảng tổng hợp'!$B:$BB,2,0),"") -> Cao Ngân Giang | D39: =IFERROR(VLOOKUP($B39,'Bảng tổng hợp'!$B:$BB,3,0),"") -> HĐLĐ | E39: =IFERROR(VLOOKUP($B39,'Bảng tổng hợp'!$B:$BB,4,0),"") -> Nhân viên | F39: =IFERROR(VLOOKUP($B39,'Bảng tổng hợp'!$B:$BB,5,0),"") -> Sản xuất | G39: =IFERROR(VLOOKUP($B39,'Bảng tổng hợp'!$B:$BB,7,0),"") -> 6500000 | H39: =IFERROR(VLOOKUP($B39,'Bảng tổng hợp'!$B:$BB,8,0),"") -> 500000 | I39: =IFERROR(VLOOKUP($B39,'Bảng tổng hợp'!$B:$BB,9,0),"") -> 1000000 | J39: =IFERROR(VLOOKUP($B39,'Bảng tổng hợp'!$B:$BB,10,0),"") -> 500000 | K39: =IFERROR(VLOOKUP($B39,'Bảng tổng hợp'!$B:$BB,11,0),"") -> 300000 | L39: =IFERROR(VLOOKUP($B39,'Bảng tổng hợp'!$B:$BB,12,0),"") -> 400000 | M39: =IFERROR(VLOOKUP($B39,'Bảng tổng hợp'!$B:$BB,13,0),"") -> 9200000 | N39: =IFERROR(VLOOKUP($B39,'Bảng tổng hợp'!$B:$BB,6,0),"") -> 7000000 | O39: =VLOOKUP(B39,'Bảng tổng hợp'!$B$4:$O$47,14,0) -> 26 | P39: =VLOOKUP(B39,'Bảng tổng hợp'!$B$4:$AA$41,23,0) -> 1000000 | Q39: =VLOOKUP(B39,'Bảng tổng hợp'!$B$4:$AA$41,24,0) -> 500000 | R39: =VLOOKUP(B39,'Bảng tổng hợp'!$B$4:$AA$41,25,0) -> 300000 | S39: =VLOOKUP(B39,'Bảng tổng hợp'!$B$4:$AA$41,26,0) -> 400000 | T39: =IFERROR(VLOOKUP($B39,'Bảng tổng hợp'!$B:$BB,15,0),"") -> 0 | U39: =IFERROR(VLOOKUP($B39,'Bảng tổng hợp'!$B:$BB,16,0),"") -> 0 | V39: =VLOOKUP($B39,'Bảng tổng hợp'!$B:$BB,17,0) -> 29.33 | W39: =IFERROR(VLOOKUP($B39,'Bảng tổng hợp'!$B:$BB,18,0),"") -> 1480601 | X39: =VLOOKUP($B39,'Bảng tổng hợp'!$B:$BB,19,0) -> 0 | Y39: =IFERROR(VLOOKUP($B39,'Bảng tổng hợp'!$B:$BB,20,0),"") -> 0 | Z39: =IFERROR(VLOOKUP($B39,'Bảng tổng hợp'!$B:$BB,27,0),"") -> 0 | AA39: =IFERROR(VLOOKUP($B39,'Bảng tổng hợp'!$B:$BB,28,0),"") -> 10680601 | AB39: =IFERROR(VLOOKUP($B39,'Bảng tổng hợp'!$B:$BB,38,0),"") -> 1505000 | AC39: =IFERROR(VLOOKUP($B39,'Bảng tổng hợp'!$B:$BB,39,0),"") -> 140000 | AD39: =IFERROR(VLOOKUP($B39,'Bảng tổng hợp'!$B:$BB,43,0),"") -> 735000 | AE39: =IFERROR(VLOOKUP($B39,'Bảng tổng hợp'!$B:$BB,44,0),"") -> 0 | AF39: =IFERROR(VLOOKUP($B39,'Bảng tổng hợp'!$B:$BB,52,0),"") -> 0 | AG39: =IFERROR(VLOOKUP($B39,'Bảng tổng hợp'!$B:$BB,48,0),"") -> 15500000 | AH39: =IFERROR(VLOOKUP($B39,'Bảng tổng hợp'!$B:$BB,49,0),"") -> 7500000 | AI39: =IFERROR(VLOOKUP($B39,'Bảng tổng hợp'!$B:$BB,50,0),"") -> 0 | AJ39: =IFERROR(VLOOKUP($B39,'Bảng tổng hợp'!$B:$BB,51,0),"") -> 0 | AK39: =IFERROR(VLOOKUP($B39,'Bảng tổng hợp'!$B:$BB,53,0),"") -> 9945601
A40: 22 | B40: =+'Bảng tổng hợp'!B23 -> NV017 | C40: =IFERROR(VLOOKUP($B40,'Bảng tổng hợp'!$B:$BB,2,0),"") -> Lê Thị Hà | D40: =IFERROR(VLOOKUP($B40,'Bảng tổng hợp'!$B:$BB,3,0),"") -> HĐLĐ | E40: =IFERROR(VLOOKUP($B40,'Bảng tổng hợp'!$B:$BB,4,0),"") -> Nhân viên | F40: =IFERROR(VLOOKUP($B40,'Bảng tổng hợp'!$B:$BB,5,0),"") -> Sản xuất | G40: =IFERROR(VLOOKUP($B40,'Bảng tổng hợp'!$B:$BB,7,0),"") -> 6500000 | H40: =IFERROR(VLOOKUP($B40,'Bảng tổng hợp'!$B:$BB,8,0),"") -> 500000 | I40: =IFERROR(VLOOKUP($B40,'Bảng tổng hợp'!$B:$BB,9,0),"") -> 1000000 | J40: =IFERROR(VLOOKUP($B40,'Bảng tổng hợp'!$B:$BB,10,0),"") -> 500000 | K40: =IFERROR(VLOOKUP($B40,'Bảng tổng hợp'!$B:$BB,11,0),"") -> 300000 | L40: =IFERROR(VLOOKUP($B40,'Bảng tổng hợp'!$B:$BB,12,0),"") -> 400000 | M40: =IFERROR(VLOOKUP($B40,'Bảng tổng hợp'!$B:$BB,13,0),"") -> 9200000 | N40: =IFERROR(VLOOKUP($B40,'Bảng tổng hợp'!$B:$BB,6,0),"") -> 7000000 | O40: =VLOOKUP(B40,'Bảng tổng hợp'!$B$4:$O$47,14,0) -> 25 | P40: =VLOOKUP(B40,'Bảng tổng hợp'!$B$4:$AA$41,23,0) -> 961538.46 | Q40: =VLOOKUP(B40,'Bảng tổng hợp'!$B$4:$AA$41,24,0) -> 480769.23 | R40: =VLOOKUP(B40,'Bảng tổng hợp'!$B$4:$AA$41,25,0) -> 288461.54 | S40: =VLOOKUP(B40,'Bảng tổng hợp'!$B$4:$AA$41,26,0) -> 400000 | T40: =IFERROR(VLOOKUP($B40,'Bảng tổng hợp'!$B:$BB,15,0),"") -> 1 | U40: =IFERROR(VLOOKUP($B40,'Bảng tổng hợp'!$B:$BB,16,0),"") -> 269230.77 | V40: =VLOOKUP($B40,'Bảng tổng hợp'!$B:$BB,17,0) -> 12.333 | W40: =IFERROR(VLOOKUP($B40,'Bảng tổng hợp'!$B:$BB,18,0),"") -> 622579 | X40: =VLOOKUP($B40,'Bảng tổng hợp'!$B:$BB,19,0) -> 0 | Y40: =IFERROR(VLOOKUP($B40,'Bảng tổng hợp'!$B:$BB,20,0),"") -> 0 | Z40: =IFERROR(VLOOKUP($B40,'Bảng tổng hợp'!$B:$BB,27,0),"") -> 0 | AA40: =IFERROR(VLOOKUP($B40,'Bảng tổng hợp'!$B:$BB,28,0),"") -> 9753348.2 | AB40: =IFERROR(VLOOKUP($B40,'Bảng tổng hợp'!$B:$BB,38,0),"") -> 1505000 | AC40: =IFERROR(VLOOKUP($B40,'Bảng tổng hợp'!$B:$BB,39,0),"") -> 140000 | AD40: =IFERROR(VLOOKUP($B40,'Bảng tổng hợp'!$B:$BB,43,0),"") -> 735000 | AE40: =IFERROR(VLOOKUP($B40,'Bảng tổng hợp'!$B:$BB,44,0),"") -> 0 | AF40: =IFERROR(VLOOKUP($B40,'Bảng tổng hợp'!$B:$BB,52,0),"") -> 0 | AG40: =IFERROR(VLOOKUP($B40,'Bảng tổng hợp'!$B:$BB,48,0),"") -> 15500000 | AH40: =IFERROR(VLOOKUP($B40,'Bảng tổng hợp'!$B:$BB,49,0),"") -> 7480769 | AI40: =IFERROR(VLOOKUP($B40,'Bảng tổng hợp'!$B:$BB,50,0),"") -> 0 | AJ40: =IFERROR(VLOOKUP($B40,'Bảng tổng hợp'!$B:$BB,51,0),"") -> 0 | AK40: =IFERROR(VLOOKUP($B40,'Bảng tổng hợp'!$B:$BB,53,0),"") -> 9018348
A41: 23 | B41: =+'Bảng tổng hợp'!B24 -> NV018 | C41: =IFERROR(VLOOKUP($B41,'Bảng tổng hợp'!$B:$BB,2,0),"") -> Nguyễn A Khương | D41: =IFERROR(VLOOKUP($B41,'Bảng tổng hợp'!$B:$BB,3,0),"") -> HĐLĐ | E41: =IFERROR(VLOOKUP($B41,'Bảng tổng hợp'!$B:$BB,4,0),"") -> Nhân viên | F41: =IFERROR(VLOOKUP($B41,'Bảng tổng hợp'!$B:$BB,5,0),"") -> Sản xuất | G41: =IFERROR(VLOOKUP($B41,'Bảng tổng hợp'!$B:$BB,7,0),"") -> 6500000 | H41: =IFERROR(VLOOKUP($B41,'Bảng tổng hợp'!$B:$BB,8,0),"") -> 500000 | I41: =IFERROR(VLOOKUP($B41,'Bảng tổng hợp'!$B:$BB,9,0),"") -> 1000000 | J41: =IFERROR(VLOOKUP($B41,'Bảng tổng hợp'!$B:$BB,10,0),"") -> 500000 | K41: =IFERROR(VLOOKUP($B41,'Bảng tổng hợp'!$B:$BB,11,0),"") -> 300000 | L41: =IFERROR(VLOOKUP($B41,'Bảng tổng hợp'!$B:$BB,12,0),"") -> 400000 | M41: =IFERROR(VLOOKUP($B41,'Bảng tổng hợp'!$B:$BB,13,0),"") -> 9200000 | N41: =IFERROR(VLOOKUP($B41,'Bảng tổng hợp'!$B:$BB,6,0),"") -> 7000000 | O41: =VLOOKUP(B41,'Bảng tổng hợp'!$B$4:$O$47,14,0) -> 26 | P41: =VLOOKUP(B41,'Bảng tổng hợp'!$B$4:$AA$41,23,0) -> 1000000 | Q41: =VLOOKUP(B41,'Bảng tổng hợp'!$B$4:$AA$41,24,0) -> 500000 | R41: =VLOOKUP(B41,'Bảng tổng hợp'!$B$4:$AA$41,25,0) -> 300000 | S41: =VLOOKUP(B41,'Bảng tổng hợp'!$B$4:$AA$41,26,0) -> 400000 | T41: =IFERROR(VLOOKUP($B41,'Bảng tổng hợp'!$B:$BB,15,0),"") -> 0 | U41: =IFERROR(VLOOKUP($B41,'Bảng tổng hợp'!$B:$BB,16,0),"") -> 0 | V41: =VLOOKUP($B41,'Bảng tổng hợp'!$B:$BB,17,0) -> 10.28 | W41: =IFERROR(VLOOKUP($B41,'Bảng tổng hợp'!$B:$BB,18,0),"") -> 518942 | X41: =VLOOKUP($B41,'Bảng tổng hợp'!$B:$BB,19,0) -> 0 | Y41: =IFERROR(VLOOKUP($B41,'Bảng tổng hợp'!$B:$BB,20,0),"") -> 0 | Z41: =IFERROR(VLOOKUP($B41,'Bảng tổng hợp'!$B:$BB,27,0),"") -> 0 | AA41: =IFERROR(VLOOKUP($B41,'Bảng tổng hợp'!$B:$BB,28,0),"") -> 9718942 | AB41: =IFERROR(VLOOKUP($B41,'Bảng tổng hợp'!$B:$BB,38,0),"") -> 1505000 | AC41: =IFERROR(VLOOKUP($B41,'Bảng tổng hợp'!$B:$BB,39,0),"") -> 140000 | AD41: =IFERROR(VLOOKUP($B41,'Bảng tổng hợp'!$B:$BB,43,0),"") -> 735000 | AE41: =IFERROR(VLOOKUP($B41,'Bảng tổng hợp'!$B:$BB,44,0),"") -> 0 | AF41: =IFERROR(VLOOKUP($B41,'Bảng tổng hợp'!$B:$BB,52,0),"") -> 0 | AG41: =IFERROR(VLOOKUP($B41,'Bảng tổng hợp'!$B:$BB,48,0),"") -> 15500000 | AH41: =IFERROR(VLOOKUP($B41,'Bảng tổng hợp'!$B:$BB,49,0),"") -> 7500000 | AI41: =IFERROR(VLOOKUP($B41,'Bảng tổng hợp'!$B:$BB,50,0),"") -> 0 | AJ41: =IFERROR(VLOOKUP($B41,'Bảng tổng hợp'!$B:$BB,51,0),"") -> 0 | AK41: =IFERROR(VLOOKUP($B41,'Bảng tổng hợp'!$B:$BB,53,0),"") -> 8983942
A42: 24 | B42: =+'Bảng tổng hợp'!B25 -> NV019 | C42: =IFERROR(VLOOKUP($B42,'Bảng tổng hợp'!$B:$BB,2,0),"") -> Nguyễn Thị Minh Thoa | D42: =IFERROR(VLOOKUP($B42,'Bảng tổng hợp'!$B:$BB,3,0),"") -> HĐLĐ | E42: =IFERROR(VLOOKUP($B42,'Bảng tổng hợp'!$B:$BB,4,0),"") -> Nhân viên | F42: =IFERROR(VLOOKUP($B42,'Bảng tổng hợp'!$B:$BB,5,0),"") -> Sản xuất | G42: =IFERROR(VLOOKUP($B42,'Bảng tổng hợp'!$B:$BB,7,0),"") -> 6500000 | H42: =IFERROR(VLOOKUP($B42,'Bảng tổng hợp'!$B:$BB,8,0),"") -> 500000 | I42: =IFERROR(VLOOKUP($B42,'Bảng tổng hợp'!$B:$BB,9,0),"") -> 1000000 | J42: =IFERROR(VLOOKUP($B42,'Bảng tổng hợp'!$B:$BB,10,0),"") -> 500000 | K42: =IFERROR(VLOOKUP($B42,'Bảng tổng hợp'!$B:$BB,11,0),"") -> 300000 | L42: =IFERROR(VLOOKUP($B42,'Bảng tổng hợp'!$B:$BB,12,0),"") -> 400000 | M42: =IFERROR(VLOOKUP($B42,'Bảng tổng hợp'!$B:$BB,13,0),"") -> 9200000 | N42: =IFERROR(VLOOKUP($B42,'Bảng tổng hợp'!$B:$BB,6,0),"") -> 7000000 | O42: =VLOOKUP(B42,'Bảng tổng hợp'!$B$4:$O$47,14,0) -> 24 | P42: =VLOOKUP(B42,'Bảng tổng hợp'!$B$4:$AA$41,23,0) -> 923076.92 | Q42: =VLOOKUP(B42,'Bảng tổng hợp'!$B$4:$AA$41,24,0) -> 461538.46 | R42: =VLOOKUP(B42,'Bảng tổng hợp'!$B$4:$AA$41,25,0) -> 276923.08 | S42: =VLOOKUP(B42,'Bảng tổng hợp'!$B$4:$AA$41,26,0) -> 400000 | T42: =IFERROR(VLOOKUP($B42,'Bảng tổng hợp'!$B:$BB,15,0),"") -> 2 | U42: =IFERROR(VLOOKUP($B42,'Bảng tổng hợp'!$B:$BB,16,0),"") -> 538461.54 | V42: =VLOOKUP($B42,'Bảng tổng hợp'!$B:$BB,17,0) -> 25.46 | W42: =IFERROR(VLOOKUP($B42,'Bảng tổng hợp'!$B:$BB,18,0),"") -> 1285240 | X42: =VLOOKUP($B42,'Bảng tổng hợp'!$B:$BB,19,0) -> 0 | Y42: =IFERROR(VLOOKUP($B42,'Bảng tổng hợp'!$B:$BB,20,0),"") -> 0 | Z42: =IFERROR(VLOOKUP($B42,'Bảng tổng hợp'!$B:$BB,27,0),"") -> 0 | AA42: =IFERROR(VLOOKUP($B42,'Bảng tổng hợp'!$B:$BB,28,0),"") -> 10346778 | AB42: =IFERROR(VLOOKUP($B42,'Bảng tổng hợp'!$B:$BB,38,0),"") -> 1505000 | AC42: =IFERROR(VLOOKUP($B42,'Bảng tổng hợp'!$B:$BB,39,0),"") -> 140000 | AD42: =IFERROR(VLOOKUP($B42,'Bảng tổng hợp'!$B:$BB,43,0),"") -> 735000 | AE42: =IFERROR(VLOOKUP($B42,'Bảng tổng hợp'!$B:$BB,44,0),"") -> 0 | AF42: =IFERROR(VLOOKUP($B42,'Bảng tổng hợp'!$B:$BB,52,0),"") -> 0 | AG42: =IFERROR(VLOOKUP($B42,'Bảng tổng hợp'!$B:$BB,48,0),"") -> 15500000 | AH42: =IFERROR(VLOOKUP($B42,'Bảng tổng hợp'!$B:$BB,49,0),"") -> 7461538 | AI42: =IFERROR(VLOOKUP($B42,'Bảng tổng hợp'!$B:$BB,50,0),"") -> 0 | AJ42: =IFERROR(VLOOKUP($B42,'Bảng tổng hợp'!$B:$BB,51,0),"") -> 0 | AK42: =IFERROR(VLOOKUP($B42,'Bảng tổng hợp'!$B:$BB,53,0),"") -> 9611778
A43: 25 | B43: =+'Bảng tổng hợp'!B26 -> NV022 | C43: =IFERROR(VLOOKUP($B43,'Bảng tổng hợp'!$B:$BB,2,0),"") -> Du Kim Hân | D43: =IFERROR(VLOOKUP($B43,'Bảng tổng hợp'!$B:$BB,3,0),"") -> HĐLĐ | E43: =IFERROR(VLOOKUP($B43,'Bảng tổng hợp'!$B:$BB,4,0),"") -> Nhân viên | F43: =IFERROR(VLOOKUP($B43,'Bảng tổng hợp'!$B:$BB,5,0),"") -> Sản xuất | G43: =IFERROR(VLOOKUP($B43,'Bảng tổng hợp'!$B:$BB,7,0),"") -> 6500000 | H43: =IFERROR(VLOOKUP($B43,'Bảng tổng hợp'!$B:$BB,8,0),"") -> 500000 | I43: =IFERROR(VLOOKUP($B43,'Bảng tổng hợp'!$B:$BB,9,0),"") -> 1000000 | J43: =IFERROR(VLOOKUP($B43,'Bảng tổng hợp'!$B:$BB,10,0),"") -> 500000 | K43: =IFERROR(VLOOKUP($B43,'Bảng tổng hợp'!$B:$BB,11,0),"") -> 300000 | L43: =IFERROR(VLOOKUP($B43,'Bảng tổng hợp'!$B:$BB,12,0),"") -> 400000 | M43: =IFERROR(VLOOKUP($B43,'Bảng tổng hợp'!$B:$BB,13,0),"") -> 9200000 | N43: =IFERROR(VLOOKUP($B43,'Bảng tổng hợp'!$B:$BB,6,0),"") -> 7000000 | O43: =VLOOKUP(B43,'Bảng tổng hợp'!$B$4:$O$47,14,0) -> 25 | P43: =VLOOKUP(B43,'Bảng tổng hợp'!$B$4:$AA$41,23,0) -> 961538.46 | Q43: =VLOOKUP(B43,'Bảng tổng hợp'!$B$4:$AA$41,24,0) -> 480769.23 | R43: =VLOOKUP(B43,'Bảng tổng hợp'!$B$4:$AA$41,25,0) -> 288461.54 | S43: =VLOOKUP(B43,'Bảng tổng hợp'!$B$4:$AA$41,26,0) -> 400000 | T43: =IFERROR(VLOOKUP($B43,'Bảng tổng hợp'!$B:$BB,15,0),"") -> 1 | U43: =IFERROR(VLOOKUP($B43,'Bảng tổng hợp'!$B:$BB,16,0),"") -> 269230.77 | V43: =VLOOKUP($B43,'Bảng tổng hợp'!$B:$BB,17,0) -> 21.076 | W43: =IFERROR(VLOOKUP($B43,'Bảng tổng hợp'!$B:$BB,18,0),"") -> 1063933 | X43: =VLOOKUP($B43,'Bảng tổng hợp'!$B:$BB,19,0) -> 0 | Y43: =IFERROR(VLOOKUP($B43,'Bảng tổng hợp'!$B:$BB,20,0),"") -> 0 | Z43: =IFERROR(VLOOKUP($B43,'Bảng tổng hợp'!$B:$BB,27,0),"") -> 0 | AA43: =IFERROR(VLOOKUP($B43,'Bảng tổng hợp'!$B:$BB,28,0),"") -> 10194702 | AB43: =IFERROR(VLOOKUP($B43,'Bảng tổng hợp'!$B:$BB,38,0),"") -> 1505000 | AC43: =IFERROR(VLOOKUP($B43,'Bảng tổng hợp'!$B:$BB,39,0),"") -> 140000 | AD43: =IFERROR(VLOOKUP($B43,'Bảng tổng hợp'!$B:$BB,43,0),"") -> 735000 | AE43: =IFERROR(VLOOKUP($B43,'Bảng tổng hợp'!$B:$BB,44,0),"") -> 0 | AF43: =IFERROR(VLOOKUP($B43,'Bảng tổng hợp'!$B:$BB,52,0),"") -> 0 | AG43: =IFERROR(VLOOKUP($B43,'Bảng tổng hợp'!$B:$BB,48,0),"") -> 15500000 | AH43: =IFERROR(VLOOKUP($B43,'Bảng tổng hợp'!$B:$BB,49,0),"") -> 7480769 | AI43: =IFERROR(VLOOKUP($B43,'Bảng tổng hợp'!$B:$BB,50,0),"") -> 0 | AJ43: =IFERROR(VLOOKUP($B43,'Bảng tổng hợp'!$B:$BB,51,0),"") -> 0 | AK43: =IFERROR(VLOOKUP($B43,'Bảng tổng hợp'!$B:$BB,53,0),"") -> 9459702
A44: 26 | B44: =+'Bảng tổng hợp'!B27 -> NV023 | C44: =IFERROR(VLOOKUP($B44,'Bảng tổng hợp'!$B:$BB,2,0),"") -> Đặng Thu Sương | D44: =IFERROR(VLOOKUP($B44,'Bảng tổng hợp'!$B:$BB,3,0),"") -> HĐLĐ | E44: =IFERROR(VLOOKUP($B44,'Bảng tổng hợp'!$B:$BB,4,0),"") -> Nhân viên | F44: =IFERROR(VLOOKUP($B44,'Bảng tổng hợp'!$B:$BB,5,0),"") -> Sản xuất | G44: =IFERROR(VLOOKUP($B44,'Bảng tổng hợp'!$B:$BB,7,0),"") -> 6500000 | H44: =IFERROR(VLOOKUP($B44,'Bảng tổng hợp'!$B:$BB,8,0),"") -> 500000 | I44: =IFERROR(VLOOKUP($B44,'Bảng tổng hợp'!$B:$BB,9,0),"") -> 1000000 | J44: =IFERROR(VLOOKUP($B44,'Bảng tổng hợp'!$B:$BB,10,0),"") -> 500000 | K44: =IFERROR(VLOOKUP($B44,'Bảng tổng hợp'!$B:$BB,11,0),"") -> 300000 | L44: =IFERROR(VLOOKUP($B44,'Bảng tổng hợp'!$B:$BB,12,0),"") -> 400000 | M44: =IFERROR(VLOOKUP($B44,'Bảng tổng hợp'!$B:$BB,13,0),"") -> 9200000 | N44: =IFERROR(VLOOKUP($B44,'Bảng tổng hợp'!$B:$BB,6,0),"") -> 7000000 | O44: =VLOOKUP(B44,'Bảng tổng hợp'!$B$4:$O$47,14,0) -> 26 | P44: =VLOOKUP(B44,'Bảng tổng hợp'!$B$4:$AA$41,23,0) -> 1000000 | Q44: =VLOOKUP(B44,'Bảng tổng hợp'!$B$4:$AA$41,24,0) -> 500000 | R44: =VLOOKUP(B44,'Bảng tổng hợp'!$B$4:$AA$41,25,0) -> 300000 | S44: =VLOOKUP(B44,'Bảng tổng hợp'!$B$4:$AA$41,26,0) -> 400000 | T44: =IFERROR(VLOOKUP($B44,'Bảng tổng hợp'!$B:$BB,15,0),"") -> 0 | U44: =IFERROR(VLOOKUP($B44,'Bảng tổng hợp'!$B:$BB,16,0),"") -> 0 | V44: =VLOOKUP($B44,'Bảng tổng hợp'!$B:$BB,17,0) -> 10.69 | W44: =IFERROR(VLOOKUP($B44,'Bảng tổng hợp'!$B:$BB,18,0),"") -> 539639 | X44: =VLOOKUP($B44,'Bảng tổng hợp'!$B:$BB,19,0) -> 0 | Y44: =IFERROR(VLOOKUP($B44,'Bảng tổng hợp'!$B:$BB,20,0),"") -> 0 | Z44: =IFERROR(VLOOKUP($B44,'Bảng tổng hợp'!$B:$BB,27,0),"") -> 0 | AA44: =IFERROR(VLOOKUP($B44,'Bảng tổng hợp'!$B:$BB,28,0),"") -> 9739639 | AB44: =IFERROR(VLOOKUP($B44,'Bảng tổng hợp'!$B:$BB,38,0),"") -> 1505000 | AC44: =IFERROR(VLOOKUP($B44,'Bảng tổng hợp'!$B:$BB,39,0),"") -> 140000 | AD44: =IFERROR(VLOOKUP($B44,'Bảng tổng hợp'!$B:$BB,43,0),"") -> 735000 | AE44: =IFERROR(VLOOKUP($B44,'Bảng tổng hợp'!$B:$BB,44,0),"") -> 0 | AF44: =IFERROR(VLOOKUP($B44,'Bảng tổng hợp'!$B:$BB,52,0),"") -> 0 | AG44: =IFERROR(VLOOKUP($B44,'Bảng tổng hợp'!$B:$BB,48,0),"") -> 15500000 | AH44: =IFERROR(VLOOKUP($B44,'Bảng tổng hợp'!$B:$BB,49,0),"") -> 7500000 | AI44: =IFERROR(VLOOKUP($B44,'Bảng tổng hợp'!$B:$BB,50,0),"") -> 0 | AJ44: =IFERROR(VLOOKUP($B44,'Bảng tổng hợp'!$B:$BB,51,0),"") -> 0 | AK44: =IFERROR(VLOOKUP($B44,'Bảng tổng hợp'!$B:$BB,53,0),"") -> 9004639
A45: 27 | B45: =+'Bảng tổng hợp'!B28 -> NV025 | C45: =IFERROR(VLOOKUP($B45,'Bảng tổng hợp'!$B:$BB,2,0),"") -> Ngô Hồng Thắm | D45: =IFERROR(VLOOKUP($B45,'Bảng tổng hợp'!$B:$BB,3,0),"") -> HĐLĐ | E45: =IFERROR(VLOOKUP($B45,'Bảng tổng hợp'!$B:$BB,4,0),"") -> Nhân viên | F45: =IFERROR(VLOOKUP($B45,'Bảng tổng hợp'!$B:$BB,5,0),"") -> Sản xuất | G45: =IFERROR(VLOOKUP($B45,'Bảng tổng hợp'!$B:$BB,7,0),"") -> 6500000 | H45: =IFERROR(VLOOKUP($B45,'Bảng tổng hợp'!$B:$BB,8,0),"") -> 500000 | I45: =IFERROR(VLOOKUP($B45,'Bảng tổng hợp'!$B:$BB,9,0),"") -> 1000000 | J45: =IFERROR(VLOOKUP($B45,'Bảng tổng hợp'!$B:$BB,10,0),"") -> 500000 | K45: =IFERROR(VLOOKUP($B45,'Bảng tổng hợp'!$B:$BB,11,0),"") -> 300000 | L45: =IFERROR(VLOOKUP($B45,'Bảng tổng hợp'!$B:$BB,12,0),"") -> 400000 | M45: =IFERROR(VLOOKUP($B45,'Bảng tổng hợp'!$B:$BB,13,0),"") -> 9200000 | N45: =IFERROR(VLOOKUP($B45,'Bảng tổng hợp'!$B:$BB,6,0),"") -> 7000000 | O45: =VLOOKUP(B45,'Bảng tổng hợp'!$B$4:$O$47,14,0) -> 26 | P45: =VLOOKUP(B45,'Bảng tổng hợp'!$B$4:$AA$41,23,0) -> 1000000 | Q45: =VLOOKUP(B45,'Bảng tổng hợp'!$B$4:$AA$41,24,0) -> 500000 | R45: =VLOOKUP(B45,'Bảng tổng hợp'!$B$4:$AA$41,25,0) -> 300000 | S45: =VLOOKUP(B45,'Bảng tổng hợp'!$B$4:$AA$41,26,0) -> 400000 | T45: =IFERROR(VLOOKUP($B45,'Bảng tổng hợp'!$B:$BB,15,0),"") -> 0 | U45: =IFERROR(VLOOKUP($B45,'Bảng tổng hợp'!$B:$BB,16,0),"") -> 0 | V45: =VLOOKUP($B45,'Bảng tổng hợp'!$B:$BB,17,0) -> 19.65 | W45: =IFERROR(VLOOKUP($B45,'Bảng tổng hợp'!$B:$BB,18,0),"") -> 991947 | X45: =VLOOKUP($B45,'Bảng tổng hợp'!$B:$BB,19,0) -> 0 | Y45: =IFERROR(VLOOKUP($B45,'Bảng tổng hợp'!$B:$BB,20,0),"") -> 0 | Z45: =IFERROR(VLOOKUP($B45,'Bảng tổng hợp'!$B:$BB,27,0),"") -> 0 | AA45: =IFERROR(VLOOKUP($B45,'Bảng tổng hợp'!$B:$BB,28,0),"") -> 10191947 | AB45: =IFERROR(VLOOKUP($B45,'Bảng tổng hợp'!$B:$BB,38,0),"") -> 1505000 | AC45: =IFERROR(VLOOKUP($B45,'Bảng tổng hợp'!$B:$BB,39,0),"") -> 140000 | AD45: =IFERROR(VLOOKUP($B45,'Bảng tổng hợp'!$B:$BB,43,0),"") -> 735000 | AE45: =IFERROR(VLOOKUP($B45,'Bảng tổng hợp'!$B:$BB,44,0),"") -> 0 | AF45: =IFERROR(VLOOKUP($B45,'Bảng tổng hợp'!$B:$BB,52,0),"") -> 0 | AG45: =IFERROR(VLOOKUP($B45,'Bảng tổng hợp'!$B:$BB,48,0),"") -> 15500000 | AH45: =IFERROR(VLOOKUP($B45,'Bảng tổng hợp'!$B:$BB,49,0),"") -> 7500000 | AI45: =IFERROR(VLOOKUP($B45,'Bảng tổng hợp'!$B:$BB,50,0),"") -> 0 | AJ45: =IFERROR(VLOOKUP($B45,'Bảng tổng hợp'!$B:$BB,51,0),"") -> 0 | AK45: =IFERROR(VLOOKUP($B45,'Bảng tổng hợp'!$B:$BB,53,0),"") -> 9456947
A46: 28 | B46: =+'Bảng tổng hợp'!B29 -> NV026 | C46: =IFERROR(VLOOKUP($B46,'Bảng tổng hợp'!$B:$BB,2,0),"") -> Trần Thị Tú Anh | D46: =IFERROR(VLOOKUP($B46,'Bảng tổng hợp'!$B:$BB,3,0),"") -> HĐLĐ | E46: =IFERROR(VLOOKUP($B46,'Bảng tổng hợp'!$B:$BB,4,0),"") -> Nhân viên | F46: =IFERROR(VLOOKUP($B46,'Bảng tổng hợp'!$B:$BB,5,0),"") -> Sản xuất | G46: =IFERROR(VLOOKUP($B46,'Bảng tổng hợp'!$B:$BB,7,0),"") -> 6500000 | H46: =IFERROR(VLOOKUP($B46,'Bảng tổng hợp'!$B:$BB,8,0),"") -> 500000 | I46: =IFERROR(VLOOKUP($B46,'Bảng tổng hợp'!$B:$BB,9,0),"") -> 1000000 | J46: =IFERROR(VLOOKUP($B46,'Bảng tổng hợp'!$B:$BB,10,0),"") -> 500000 | K46: =IFERROR(VLOOKUP($B46,'Bảng tổng hợp'!$B:$BB,11,0),"") -> 300000 | L46: =IFERROR(VLOOKUP($B46,'Bảng tổng hợp'!$B:$BB,12,0),"") -> 400000 | M46: =IFERROR(VLOOKUP($B46,'Bảng tổng hợp'!$B:$BB,13,0),"") -> 9200000 | N46: =IFERROR(VLOOKUP($B46,'Bảng tổng hợp'!$B:$BB,6,0),"") -> 7000000 | O46: =VLOOKUP(B46,'Bảng tổng hợp'!$B$4:$O$47,14,0) -> 23 | P46: =VLOOKUP(B46,'Bảng tổng hợp'!$B$4:$AA$41,23,0) -> 884615.38 | Q46: =VLOOKUP(B46,'Bảng tổng hợp'!$B$4:$AA$41,24,0) -> 442307.69 | R46: =VLOOKUP(B46,'Bảng tổng hợp'!$B$4:$AA$41,25,0) -> 265384.62 | S46: =VLOOKUP(B46,'Bảng tổng hợp'!$B$4:$AA$41,26,0) -> 400000 | T46: =IFERROR(VLOOKUP($B46,'Bảng tổng hợp'!$B:$BB,15,0),"") -> 3 | U46: =IFERROR(VLOOKUP($B46,'Bảng tổng hợp'!$B:$BB,16,0),"") -> 807692.31 | V46: =VLOOKUP($B46,'Bảng tổng hợp'!$B:$BB,17,0) -> 36.62 | W46: =IFERROR(VLOOKUP($B46,'Bảng tổng hợp'!$B:$BB,18,0),"") -> 1848606 | X46: =VLOOKUP($B46,'Bảng tổng hợp'!$B:$BB,19,0) -> 0 | Y46: =IFERROR(VLOOKUP($B46,'Bảng tổng hợp'!$B:$BB,20,0),"") -> 0 | Z46: =IFERROR(VLOOKUP($B46,'Bảng tổng hợp'!$B:$BB,27,0),"") -> 0 | AA46: =IFERROR(VLOOKUP($B46,'Bảng tổng hợp'!$B:$BB,28,0),"") -> 10840914 | AB46: =IFERROR(VLOOKUP($B46,'Bảng tổng hợp'!$B:$BB,38,0),"") -> 1505000 | AC46: =IFERROR(VLOOKUP($B46,'Bảng tổng hợp'!$B:$BB,39,0),"") -> 140000 | AD46: =IFERROR(VLOOKUP($B46,'Bảng tổng hợp'!$B:$BB,43,0),"") -> 735000 | AE46: =IFERROR(VLOOKUP($B46,'Bảng tổng hợp'!$B:$BB,44,0),"") -> 0 | AF46: =IFERROR(VLOOKUP($B46,'Bảng tổng hợp'!$B:$BB,52,0),"") -> 0 | AG46: =IFERROR(VLOOKUP($B46,'Bảng tổng hợp'!$B:$BB,48,0),"") -> 15500000 | AH46: =IFERROR(VLOOKUP($B46,'Bảng tổng hợp'!$B:$BB,49,0),"") -> 7442308 | AI46: =IFERROR(VLOOKUP($B46,'Bảng tổng hợp'!$B:$BB,50,0),"") -> 0 | AJ46: =IFERROR(VLOOKUP($B46,'Bảng tổng hợp'!$B:$BB,51,0),"") -> 0 | AK46: =IFERROR(VLOOKUP($B46,'Bảng tổng hợp'!$B:$BB,53,0),"") -> 10105914
... A50: 32 | B50: =+'Bảng tổng hợp'!B33 -> NV035 | C50: =IFERROR(VLOOKUP($B50,'Bảng tổng hợp'!$B:$BB,2,0),"") -> Nguyễn Ngọc Bích | D50: =IFERROR(VLOOKUP($B50,'Bảng tổng hợp'!$B:$BB,3,0),"") -> HĐLĐ | E50: =IFERROR(VLOOKUP($B50,'Bảng tổng hợp'!$B:$BB,4,0),"") -> Nhân viên | F50: =IFERROR(VLOOKUP($B50,'Bảng tổng hợp'!$B:$BB,5,0),"") -> Sản xuất | G50: =IFERROR(VLOOKUP($B50,'Bảng tổng hợp'!$B:$BB,7,0),"") -> 6000000 | H50: =IFERROR(VLOOKUP($B50,'Bảng tổng hợp'!$B:$BB,8,0),"") -> 500000 | I50: =IFERROR(VLOOKUP($B50,'Bảng tổng hợp'!$B:$BB,9,0),"") -> 1000000 | J50: =IFERROR(VLOOKUP($B50,'Bảng tổng hợp'!$B:$BB,10,0),"") -> 500000 | K50: =IFERROR(VLOOKUP($B50,'Bảng tổng hợp'!$B:$BB,11,0),"") -> 300000 | L50: =IFERROR(VLOOKUP($B50,'Bảng tổng hợp'!$B:$BB,12,0),"") -> 400000 | M50: =IFERROR(VLOOKUP($B50,'Bảng tổng hợp'!$B:$BB,13,0),"") -> 8700000 | N50: =IFERROR(VLOOKUP($B50,'Bảng tổng hợp'!$B:$BB,6,0),"") -> 6500000 | O50: =VLOOKUP(B50,'Bảng tổng hợp'!$B$4:$O$47,14,0) -> 26 | P50: =VLOOKUP(B50,'Bảng tổng hợp'!$B$4:$AA$41,23,0) -> 1000000 | Q50: =VLOOKUP(B50,'Bảng tổng hợp'!$B$4:$AA$41,24,0) -> 500000 | R50: =VLOOKUP(B50,'Bảng tổng hợp'!$B$4:$AA$41,25,0) -> 300000 | S50: =VLOOKUP(B50,'Bảng tổng hợp'!$B$4:$AA$41,26,0) -> 400000 | T50: =IFERROR(VLOOKUP($B50,'Bảng tổng hợp'!$B:$BB,15,0),"") -> 0 | U50: =IFERROR(VLOOKUP($B50,'Bảng tổng hợp'!$B:$BB,16,0),"") -> 0 | V50: =VLOOKUP($B50,'Bảng tổng hợp'!$B:$BB,17,0) -> 7.83 | W50: =IFERROR(VLOOKUP($B50,'Bảng tổng hợp'!$B:$BB,18,0),"") -> 367031 | X50: =VLOOKUP($B50,'Bảng tổng hợp'!$B:$BB,19,0) -> 0 | Y50: =IFERROR(VLOOKUP($B50,'Bảng tổng hợp'!$B:$BB,20,0),"") -> 0 | Z50: =IFERROR(VLOOKUP($B50,'Bảng tổng hợp'!$B:$BB,27,0),"") -> 0 | AA50: =IFERROR(VLOOKUP($B50,'Bảng tổng hợp'!$B:$BB,28,0),"") -> 9067031 | AB50: =IFERROR(VLOOKUP($B50,'Bảng tổng hợp'!$B:$BB,38,0),"") -> 1397500 | AC50: =IFERROR(VLOOKUP($B50,'Bảng tổng hợp'!$B:$BB,39,0),"") -> 130000 | AD50: =IFERROR(VLOOKUP($B50,'Bảng tổng hợp'!$B:$BB,43,0),"") -> 682500 | AE50: =IFERROR(VLOOKUP($B50,'Bảng tổng hợp'!$B:$BB,44,0),"") -> 0 | AF50: =IFERROR(VLOOKUP($B50,'Bảng tổng hợp'!$B:$BB,52,0),"") -> 0 | AG50: =IFERROR(VLOOKUP($B50,'Bảng tổng hợp'!$B:$BB,48,0),"") -> 15500000 | AH50: =IFERROR(VLOOKUP($B50,'Bảng tổng hợp'!$B:$BB,49,0),"") -> 7000000 | AI50: =IFERROR(VLOOKUP($B50,'Bảng tổng hợp'!$B:$BB,50,0),"") -> 0 | AJ50: =IFERROR(VLOOKUP($B50,'Bảng tổng hợp'!$B:$BB,51,0),"") -> 0 | AK50: =IFERROR(VLOOKUP($B50,'Bảng tổng hợp'!$B:$BB,53,0),"") -> 8384531
A51: 33 | B51: ='Bảng tổng hợp'!B39 -> NV040 | C51: =IFERROR(VLOOKUP($B51,'Bảng tổng hợp'!$B:$BB,2,0),"") -> Trần Thị Ngọc Hân | D51: =IFERROR(VLOOKUP($B51,'Bảng tổng hợp'!$B:$BB,3,0),"") -> HĐLĐ | E51: =IFERROR(VLOOKUP($B51,'Bảng tổng hợp'!$B:$BB,4,0),"") -> Nhân viên | F51: =IFERROR(VLOOKUP($B51,'Bảng tổng hợp'!$B:$BB,5,0),"") -> Sản xuất | G51: =IFERROR(VLOOKUP($B51,'Bảng tổng hợp'!$B:$BB,7,0),"") -> 6000000 | H51: =IFERROR(VLOOKUP($B51,'Bảng tổng hợp'!$B:$BB,8,0),"") -> 500000 | I51: =IFERROR(VLOOKUP($B51,'Bảng tổng hợp'!$B:$BB,9,0),"") -> 1000000 | J51: =IFERROR(VLOOKUP($B51,'Bảng tổng hợp'!$B:$BB,10,0),"") -> 500000 | K51: =IFERROR(VLOOKUP($B51,'Bảng tổng hợp'!$B:$BB,11,0),"") -> 400000 | L51: =IFERROR(VLOOKUP($B51,'Bảng tổng hợp'!$B:$BB,12,0),"") -> 400000 | M51: =IFERROR(VLOOKUP($B51,'Bảng tổng hợp'!$B:$BB,13,0),"") -> 8800000 | N51: =IFERROR(VLOOKUP($B51,'Bảng tổng hợp'!$B:$BB,6,0),"") -> 6500000 | O51: =VLOOKUP(B51,'Bảng tổng hợp'!$B$4:$O$47,14,0) -> 26 | P51: =VLOOKUP(B51,'Bảng tổng hợp'!$B$4:$AA$41,23,0) -> 1000000 | Q51: =VLOOKUP(B51,'Bảng tổng hợp'!$B$4:$AA$41,24,0) -> 500000 | R51: =VLOOKUP(B51,'Bảng tổng hợp'!$B$4:$AA$41,25,0) -> 400000 | S51: =VLOOKUP(B51,'Bảng tổng hợp'!$B$4:$AA$41,26,0) -> 400000 | T51: =IFERROR(VLOOKUP($B51,'Bảng tổng hợp'!$B:$BB,15,0),"") -> 1 | U51: =IFERROR(VLOOKUP($B51,'Bảng tổng hợp'!$B:$BB,16,0),"") -> 250000 | V51: =VLOOKUP($B51,'Bảng tổng hợp'!$B:$BB,17,0) -> 38.82 | W51: =IFERROR(VLOOKUP($B51,'Bảng tổng hợp'!$B:$BB,18,0),"") -> 1819688 | X51: =VLOOKUP($B51,'Bảng tổng hợp'!$B:$BB,19,0) -> 0 | Y51: =IFERROR(VLOOKUP($B51,'Bảng tổng hợp'!$B:$BB,20,0),"") -> 0 | Z51: =IFERROR(VLOOKUP($B51,'Bảng tổng hợp'!$B:$BB,27,0),"") -> 0 | AA51: =IFERROR(VLOOKUP($B51,'Bảng tổng hợp'!$B:$BB,28,0),"") -> 10869688 | AB51: =IFERROR(VLOOKUP($B51,'Bảng tổng hợp'!$B:$BB,38,0),"") -> 1397500 | AC51: =IFERROR(VLOOKUP($B51,'Bảng tổng hợp'!$B:$BB,39,0),"") -> 130000 | AD51: =IFERROR(VLOOKUP($B51,'Bảng tổng hợp'!$B:$BB,43,0),"") -> 682500 | AE51: =IFERROR(VLOOKUP($B51,'Bảng tổng hợp'!$B:$BB,44,0),"") -> 0 | AF51: =IFERROR(VLOOKUP($B51,'Bảng tổng hợp'!$B:$BB,52,0),"") -> 0 | AG51: =IFERROR(VLOOKUP($B51,'Bảng tổng hợp'!$B:$BB,48,0),"") -> 15500000 | AH51: =IFERROR(VLOOKUP($B51,'Bảng tổng hợp'!$B:$BB,49,0),"") -> 7520000 | AI51: =IFERROR(VLOOKUP($B51,'Bảng tổng hợp'!$B:$BB,50,0),"") -> 0 | AJ51: =IFERROR(VLOOKUP($B51,'Bảng tổng hợp'!$B:$BB,51,0),"") -> 0 | AK51: =IFERROR(VLOOKUP($B51,'Bảng tổng hợp'!$B:$BB,53,0),"") -> 10187188
A52: 34 | B52: ='Bảng tổng hợp'!B40 -> NV041 | C52: =IFERROR(VLOOKUP($B52,'Bảng tổng hợp'!$B:$BB,2,0),"") -> Võ Thị Xuân Dung | D52: =IFERROR(VLOOKUP($B52,'Bảng tổng hợp'!$B:$BB,3,0),"") -> HĐLĐ | E52: =IFERROR(VLOOKUP($B52,'Bảng tổng hợp'!$B:$BB,4,0),"") -> Nhân viên | F52: =IFERROR(VLOOKUP($B52,'Bảng tổng hợp'!$B:$BB,5,0),"") -> Sản xuất | G52: =IFERROR(VLOOKUP($B52,'Bảng tổng hợp'!$B:$BB,7,0),"") -> 6500000 | H52: =IFERROR(VLOOKUP($B52,'Bảng tổng hợp'!$B:$BB,8,0),"") -> 500000 | I52: =IFERROR(VLOOKUP($B52,'Bảng tổng hợp'!$B:$BB,9,0),"") -> 1000000 | J52: =IFERROR(VLOOKUP($B52,'Bảng tổng hợp'!$B:$BB,10,0),"") -> 500000 | K52: =IFERROR(VLOOKUP($B52,'Bảng tổng hợp'!$B:$BB,11,0),"") -> 400000 | L52: =IFERROR(VLOOKUP($B52,'Bảng tổng hợp'!$B:$BB,12,0),"") -> 400000 | M52: =IFERROR(VLOOKUP($B52,'Bảng tổng hợp'!$B:$BB,13,0),"") -> 9300000 | N52: =IFERROR(VLOOKUP($B52,'Bảng tổng hợp'!$B:$BB,6,0),"") -> 7000000 | O52: =VLOOKUP(B52,'Bảng tổng hợp'!$B$4:$O$47,14,0) -> 26 | P52: =VLOOKUP(B52,'Bảng tổng hợp'!$B$4:$AA$41,23,0) -> 1000000 | Q52: =VLOOKUP(B52,'Bảng tổng hợp'!$B$4:$AA$41,24,0) -> 500000 | R52: =VLOOKUP(B52,'Bảng tổng hợp'!$B$4:$AA$41,25,0) -> 400000 | S52: =VLOOKUP(B52,'Bảng tổng hợp'!$B$4:$AA$41,26,0) -> 400000 | T52: =IFERROR(VLOOKUP($B52,'Bảng tổng hợp'!$B:$BB,15,0),"") -> 0 | U52: =IFERROR(VLOOKUP($B52,'Bảng tổng hợp'!$B:$BB,16,0),"") -> 0 | V52: =VLOOKUP($B52,'Bảng tổng hợp'!$B:$BB,17,0) -> 23.754 | W52: =IFERROR(VLOOKUP($B52,'Bảng tổng hợp'!$B:$BB,18,0),"") -> 1199120 | X52: =VLOOKUP($B52,'Bảng tổng hợp'!$B:$BB,19,0) -> 0 | Y52: =IFERROR(VLOOKUP($B52,'Bảng tổng hợp'!$B:$BB,20,0),"") -> 0 | Z52: =IFERROR(VLOOKUP($B52,'Bảng tổng hợp'!$B:$BB,27,0),"") -> 0 | AA52: =IFERROR(VLOOKUP($B52,'Bảng tổng hợp'!$B:$BB,28,0),"") -> 10499120 | AB52: =IFERROR(VLOOKUP($B52,'Bảng tổng hợp'!$B:$BB,38,0),"") -> 1505000 | AC52: =IFERROR(VLOOKUP($B52,'Bảng tổng hợp'!$B:$BB,39,0),"") -> 140000 | AD52: =IFERROR(VLOOKUP($B52,'Bảng tổng hợp'!$B:$BB,43,0),"") -> 735000 | AE52: =IFERROR(VLOOKUP($B52,'Bảng tổng hợp'!$B:$BB,44,0),"") -> 0 | AF52: =IFERROR(VLOOKUP($B52,'Bảng tổng hợp'!$B:$BB,52,0),"") -> 0 | AG52: =IFERROR(VLOOKUP($B52,'Bảng tổng hợp'!$B:$BB,48,0),"") -> 15500000 | AH52: =IFERROR(VLOOKUP($B52,'Bảng tổng hợp'!$B:$BB,49,0),"") -> 7770000 | AI52: =IFERROR(VLOOKUP($B52,'Bảng tổng hợp'!$B:$BB,50,0),"") -> 0 | AJ52: =IFERROR(VLOOKUP($B52,'Bảng tổng hợp'!$B:$BB,51,0),"") -> 0 | AK52: =IFERROR(VLOOKUP($B52,'Bảng tổng hợp'!$B:$BB,53,0),"") -> 9764120
A53: E. PHÒNG SÁNG TẠO | G53: =G54 -> 7500000 | H53: =H54 -> 1000000 | I53: =I54 -> 1800000 | J53: =J54 -> 500000 | K53: =K54 -> 400000 | L53: =L54 -> 400000 | M53: =M54 -> 11600000 | N53: =N54 -> 8500000 | ... AK53: =AK54 -> 12233630
A54: 35 | B54: =+'Bảng tổng hợp'!B34 -> NV024 | C54: =IFERROR(VLOOKUP($B54,'Bảng tổng hợp'!$B:$BB,2,0),"") -> Trần Tuấn Kiệt | D54: =IFERROR(VLOOKUP($B54,'Bảng tổng hợp'!$B:$BB,3,0),"") -> HĐLĐ | E54: =IFERROR(VLOOKUP($B54,'Bảng tổng hợp'!$B:$BB,4,0),"") -> Trưởng phòng | F54: =IFERROR(VLOOKUP($B54,'Bảng tổng hợp'!$B:$BB,5,0),"") -> Sáng tạo | G54: =IFERROR(VLOOKUP($B54,'Bảng tổng hợp'!$B:$BB,7,0),"") -> 7500000 | H54: =IFERROR(VLOOKUP($B54,'Bảng tổng hợp'!$B:$BB,8,0),"") -> 1000000 | I54: =IFERROR(VLOOKUP($B54,'Bảng tổng hợp'!$B:$BB,9,0),"") -> 1800000 | J54: =IFERROR(VLOOKUP($B54,'Bảng tổng hợp'!$B:$BB,10,0),"") -> 500000 | K54: =IFERROR(VLOOKUP($B54,'Bảng tổng hợp'!$B:$BB,11,0),"") -> 400000 | L54: =IFERROR(VLOOKUP($B54,'Bảng tổng hợp'!$B:$BB,12,0),"") -> 400000 | M54: =IFERROR(VLOOKUP($B54,'Bảng tổng hợp'!$B:$BB,13,0),"") -> 11600000 | N54: =IFERROR(VLOOKUP($B54,'Bảng tổng hợp'!$B:$BB,6,0),"") -> 8500000 | O54: =VLOOKUP(B54,'Bảng tổng hợp'!$B$4:$O$47,14,0) -> 26 | P54: =VLOOKUP(B54,'Bảng tổng hợp'!$B$4:$AA$41,23,0) -> 1800000 | Q54: =VLOOKUP(B54,'Bảng tổng hợp'!$B$4:$AA$41,24,0) -> 500000 | R54: =VLOOKUP(B54,'Bảng tổng hợp'!$B$4:$AA$41,25,0) -> 400000 | S54: =VLOOKUP(B54,'Bảng tổng hợp'!$B$4:$AA$41,26,0) -> 400000 | T54: =IFERROR(VLOOKUP($B54,'Bảng tổng hợp'!$B:$BB,15,0),"") -> 0 | U54: =IFERROR(VLOOKUP($B54,'Bảng tổng hợp'!$B:$BB,16,0),"") -> 0 | V54: =VLOOKUP($B54,'Bảng tổng hợp'!$B:$BB,17,0) -> 16.74 | W54: =IFERROR(VLOOKUP($B54,'Bảng tổng hợp'!$B:$BB,18,0),"") -> 1026130 | X54: =VLOOKUP($B54,'Bảng tổng hợp'!$B:$BB,19,0) -> 0 | Y54: =IFERROR(VLOOKUP($B54,'Bảng tổng hợp'!$B:$BB,20,0),"") -> 0 | Z54: =IFERROR(VLOOKUP($B54,'Bảng tổng hợp'!$B:$BB,27,0),"") -> 500000 | AA54: =IFERROR(VLOOKUP($B54,'Bảng tổng hợp'!$B:$BB,28,0),"") -> 13126130 | AB54: =IFERROR(VLOOKUP($B54,'Bảng tổng hợp'!$B:$BB,38,0),"") -> 1827500 | AC54: =IFERROR(VLOOKUP($B54,'Bảng tổng hợp'!$B:$BB,39,0),"") -> 170000 | AD54: =IFERROR(VLOOKUP($B54,'Bảng tổng hợp'!$B:$BB,43,0),"") -> 892500 | AE54: =IFERROR(VLOOKUP($B54,'Bảng tổng hợp'!$B:$BB,44,0),"") -> 0 | AF54: =IFERROR(VLOOKUP($B54,'Bảng tổng hợp'!$B:$BB,52,0),"") -> 0 | AG54: =IFERROR(VLOOKUP($B54,'Bảng tổng hợp'!$B:$BB,48,0),"") -> 15500000 | AH54: =IFERROR(VLOOKUP($B54,'Bảng tổng hợp'!$B:$BB,49,0),"") -> 9500000 | AI54: =IFERROR(VLOOKUP($B54,'Bảng tổng hợp'!$B:$BB,50,0),"") -> 0 | AJ54: =IFERROR(VLOOKUP($B54,'Bảng tổng hợp'!$B:$BB,51,0),"") -> 0 | AK54: =IFERROR(VLOOKUP($B54,'Bảng tổng hợp'!$B:$BB,53,0),"") -> 12233630
A55: F. PHÒNG KẾ TOÁN | G55: =SUM(G56:G58) -> 23000000 | H55: =SUM(H56:H58) -> 3500000 | I55: =SUM(I56:I58) -> 4600000 | J55: =SUM(J56:J58) -> 1500000 | K55: =SUM(K56:K58) -> 1100000 | L55: =SUM(L56:L58) -> 1200000 | M55: =SUM(M56:M58) -> 34900000 | N55: =SUM(N56:N58) -> 18500000 | ... AK55: =SUM(AK56:AK58) -> 27175192
A56: 36 | B56: =+'Bảng tổng hợp'!B35 -> NV009 | C56: =IFERROR(VLOOKUP($B56,'Bảng tổng hợp'!$B:$BB,2,0),"") -> Trần Thị Thanh Dung | D56: =IFERROR(VLOOKUP($B56,'Bảng tổng hợp'!$B:$BB,3,0),"") -> HĐLĐ | E56: =IFERROR(VLOOKUP($B56,'Bảng tổng hợp'!$B:$BB,4,0),"") -> Kế toán | F56: =IFERROR(VLOOKUP($B56,'Bảng tổng hợp'!$B:$BB,5,0),"") -> Kế toán | G56: =IFERROR(VLOOKUP($B56,'Bảng tổng hợp'!$B:$BB,7,0),"") -> 7500000 | H56: =IFERROR(VLOOKUP($B56,'Bảng tổng hợp'!$B:$BB,8,0),"") -> 1000000 | I56: =IFERROR(VLOOKUP($B56,'Bảng tổng hợp'!$B:$BB,9,0),"") -> 1800000 | J56: =IFERROR(VLOOKUP($B56,'Bảng tổng hợp'!$B:$BB,10,0),"") -> 500000 | K56: =IFERROR(VLOOKUP($B56,'Bảng tổng hợp'!$B:$BB,11,0),"") -> 300000 | L56: =IFERROR(VLOOKUP($B56,'Bảng tổng hợp'!$B:$BB,12,0),"") -> 400000 | M56: =IFERROR(VLOOKUP($B56,'Bảng tổng hợp'!$B:$BB,13,0),"") -> 11500000 | N56: =IFERROR(VLOOKUP($B56,'Bảng tổng hợp'!$B:$BB,6,0),"") -> 8500000 | O56: =VLOOKUP(B56,'Bảng tổng hợp'!$B$4:$O$47,14,0) -> 17 | P56: =VLOOKUP(B56,'Bảng tổng hợp'!$B$4:$AA$41,23,0) -> 1176923.1 | Q56: =VLOOKUP(B56,'Bảng tổng hợp'!$B$4:$AA$41,24,0) -> 326923.08 | R56: =VLOOKUP(B56,'Bảng tổng hợp'!$B$4:$AA$41,25,0) -> 196153.85 | S56: =VLOOKUP(B56,'Bảng tổng hợp'!$B$4:$AA$41,26,0) -> 400000 | T56: =IFERROR(VLOOKUP($B56,'Bảng tổng hợp'!$B:$BB,15,0),"") -> 0 | U56: =IFERROR(VLOOKUP($B56,'Bảng tổng hợp'!$B:$BB,16,0),"") -> 0 | V56: =VLOOKUP($B56,'Bảng tổng hợp'!$B:$BB,17,0) -> 0 | W56: =IFERROR(VLOOKUP($B56,'Bảng tổng hợp'!$B:$BB,18,0),"") -> 0 | X56: =VLOOKUP($B56,'Bảng tổng hợp'!$B:$BB,19,0) -> 0 | Y56: =IFERROR(VLOOKUP($B56,'Bảng tổng hợp'!$B:$BB,20,0),"") -> 0 | Z56: =IFERROR(VLOOKUP($B56,'Bảng tổng hợp'!$B:$BB,27,0),"") -> 0 | AA56: =IFERROR(VLOOKUP($B56,'Bảng tổng hợp'!$B:$BB,28,0),"") -> 7657692.3 | AB56: =IFERROR(VLOOKUP($B56,'Bảng tổng hợp'!$B:$BB,38,0),"") -> 1827500 | AC56: =IFERROR(VLOOKUP($B56,'Bảng tổng hợp'!$B:$BB,39,0),"") -> 170000 | AD56: =IFERROR(VLOOKUP($B56,'Bảng tổng hợp'!$B:$BB,43,0),"") -> 892500 | AE56: =IFERROR(VLOOKUP($B56,'Bảng tổng hợp'!$B:$BB,44,0),"") -> 0 | AF56: =IFERROR(VLOOKUP($B56,'Bảng tổng hợp'!$B:$BB,52,0),"") -> 0 | AG56: =IFERROR(VLOOKUP($B56,'Bảng tổng hợp'!$B:$BB,48,0),"") -> 15500000 | AH56: =IFERROR(VLOOKUP($B56,'Bảng tổng hợp'!$B:$BB,49,0),"") -> 5884615 | AI56: =IFERROR(VLOOKUP($B56,'Bảng tổng hợp'!$B:$BB,50,0),"") -> 0 | AJ56: =IFERROR(VLOOKUP($B56,'Bảng tổng hợp'!$B:$BB,51,0),"") -> 0 | AK56: =IFERROR(VLOOKUP($B56,'Bảng tổng hợp'!$B:$BB,53,0),"") -> 6765192
A57: 37 | B57: =+'Bảng tổng hợp'!B36 -> NV037 | C57: =IFERROR(VLOOKUP($B57,'Bảng tổng hợp'!$B:$BB,2,0),"") -> Vũ Thị Mai Thủy | D57: =IFERROR(VLOOKUP($B57,'Bảng tổng hợp'!$B:$BB,3,0),"") -> HĐLĐ | E57: =IFERROR(VLOOKUP($B57,'Bảng tổng hợp'!$B:$BB,4,0),"") -> Kế toán trưởng | F57: =IFERROR(VLOOKUP($B57,'Bảng tổng hợp'!$B:$BB,5,0),"") -> Kế toán | G57: =IFERROR(VLOOKUP($B57,'Bảng tổng hợp'!$B:$BB,7,0),"") -> 8500000 | H57: =IFERROR(VLOOKUP($B57,'Bảng tổng hợp'!$B:$BB,8,0),"") -> 1500000 | I57: =IFERROR(VLOOKUP($B57,'Bảng tổng hợp'!$B:$BB,9,0),"") -> 1800000 | J57: =IFERROR(VLOOKUP($B57,'Bảng tổng hợp'!$B:$BB,10,0),"") -> 500000 | K57: =IFERROR(VLOOKUP($B57,'Bảng tổng hợp'!$B:$BB,11,0),"") -> 500000 | L57: =IFERROR(VLOOKUP($B57,'Bảng tổng hợp'!$B:$BB,12,0),"") -> 400000 | M57: =IFERROR(VLOOKUP($B57,'Bảng tổng hợp'!$B:$BB,13,0),"") -> 13200000 | N57: =IFERROR(VLOOKUP($B57,'Bảng tổng hợp'!$B:$BB,6,0),"") -> 10000000 | O57: =VLOOKUP(B57,'Bảng tổng hợp'!$B$4:$O$47,14,0) -> 25 | P57: =VLOOKUP(B57,'Bảng tổng hợp'!$B$4:$AA$41,23,0) -> 1730769.2 | Q57: =VLOOKUP(B57,'Bảng tổng hợp'!$B$4:$AA$41,24,0) -> 480769.23 | R57: =VLOOKUP(B57,'Bảng tổng hợp'!$B$4:$AA$41,25,0) -> 480769.23 | S57: =VLOOKUP(B57,'Bảng tổng hợp'!$B$4:$AA$41,26,0) -> 400000 | T57: =IFERROR(VLOOKUP($B57,'Bảng tổng hợp'!$B:$BB,15,0),"") -> 1 | U57: =IFERROR(VLOOKUP($B57,'Bảng tổng hợp'!$B:$BB,16,0),"") -> 384615.38 | V57: =VLOOKUP($B57,'Bảng tổng hợp'!$B:$BB,17,0) -> 6.32 | W57: =IFERROR(VLOOKUP($B57,'Bảng tổng hợp'!$B:$BB,18,0),"") -> 455769 | X57: =VLOOKUP($B57,'Bảng tổng hợp'!$B:$BB,19,0) -> 0 | Y57: =IFERROR(VLOOKUP($B57,'Bảng tổng hợp'!$B:$BB,20,0),"") -> 0 | Z57: =IFERROR(VLOOKUP($B57,'Bảng tổng hợp'!$B:$BB,27,0),"") -> 0 | AA57: =IFERROR(VLOOKUP($B57,'Bảng tổng hợp'!$B:$BB,28,0),"") -> 13548077 | AB57: =IFERROR(VLOOKUP($B57,'Bảng tổng hợp'!$B:$BB,38,0),"") -> 2150000 | AC57: =IFERROR(VLOOKUP($B57,'Bảng tổng hợp'!$B:$BB,39,0),"") -> 200000 | AD57: =IFERROR(VLOOKUP($B57,'Bảng tổng hợp'!$B:$BB,43,0),"") -> 1050000 | AE57: =IFERROR(VLOOKUP($B57,'Bảng tổng hợp'!$B:$BB,44,0),"") -> 0 | AF57: =IFERROR(VLOOKUP($B57,'Bảng tổng hợp'!$B:$BB,52,0),"") -> 0 | AG57: =IFERROR(VLOOKUP($B57,'Bảng tổng hợp'!$B:$BB,48,0),"") -> 15500000 | AH57: =IFERROR(VLOOKUP($B57,'Bảng tổng hợp'!$B:$BB,49,0),"") -> 10480769 | AI57: =IFERROR(VLOOKUP($B57,'Bảng tổng hợp'!$B:$BB,50,0),"") -> 0 | AJ57: =IFERROR(VLOOKUP($B57,'Bảng tổng hợp'!$B:$BB,51,0),"") -> 0 | AK57: =IFERROR(VLOOKUP($B57,'Bảng tổng hợp'!$B:$BB,53,0),"") -> 12498077
A58: 38 | B58: ='Bảng tổng hợp'!B41 -> NV042 | C58: =IFERROR(VLOOKUP($B58,'Bảng tổng hợp'!$B:$BB,2,0),"") -> Nguyễn Thị Ngọc | D58: =IFERROR(VLOOKUP($B58,'Bảng tổng hợp'!$B:$BB,3,0),"") -> HĐTV | E58: =IFERROR(VLOOKUP($B58,'Bảng tổng hợp'!$B:$BB,4,0),"") -> Nhân viên thử việc | F58: =IFERROR(VLOOKUP($B58,'Bảng tổng hợp'!$B:$BB,5,0),"") -> Kế toán | G58: =IFERROR(VLOOKUP($B58,'Bảng tổng hợp'!$B:$BB,7,0),"") -> 7000000 | H58: =IFERROR(VLOOKUP($B58,'Bảng tổng hợp'!$B:$BB,8,0),"") -> 1000000 | I58: =IFERROR(VLOOKUP($B58,'Bảng tổng hợp'!$B:$BB,9,0),"") -> 1000000 | J58: =IFERROR(VLOOKUP($B58,'Bảng tổng hợp'!$B:$BB,10,0),"") -> 500000 | K58: =IFERROR(VLOOKUP($B58,'Bảng tổng hợp'!$B:$BB,11,0),"") -> 300000 | L58: =IFERROR(VLOOKUP($B58,'Bảng tổng hợp'!$B:$BB,12,0),"") -> 400000 | M58: =IFERROR(VLOOKUP($B58,'Bảng tổng hợp'!$B:$BB,13,0),"") -> 10200000 | N58: =IFERROR(VLOOKUP($B58,'Bảng tổng hợp'!$B:$BB,6,0),"") | O58: =VLOOKUP(B58,'Bảng tổng hợp'!$B$4:$O$47,14,0) -> 26 | P58: =VLOOKUP(B58,'Bảng tổng hợp'!$B$4:$AA$41,23,0) -> 1000000 | Q58: =VLOOKUP(B58,'Bảng tổng hợp'!$B$4:$AA$41,24,0) -> 500000 | R58: =VLOOKUP(B58,'Bảng tổng hợp'!$B$4:$AA$41,25,0) -> 300000 | S58: =VLOOKUP(B58,'Bảng tổng hợp'!$B$4:$AA$41,26,0) -> 0 | T58: =IFERROR(VLOOKUP($B58,'Bảng tổng hợp'!$B:$BB,15,0),"") -> 0 | U58: =IFERROR(VLOOKUP($B58,'Bảng tổng hợp'!$B:$BB,16,0),"") -> 0 | V58: =VLOOKUP($B58,'Bảng tổng hợp'!$B:$BB,17,0) -> 2.98 | W58: =IFERROR(VLOOKUP($B58,'Bảng tổng hợp'!$B:$BB,18,0),"") -> 171923 | X58: =VLOOKUP($B58,'Bảng tổng hợp'!$B:$BB,19,0) -> 0 | Y58: =IFERROR(VLOOKUP($B58,'Bảng tổng hợp'!$B:$BB,20,0),"") -> 0 | Z58: =IFERROR(VLOOKUP($B58,'Bảng tổng hợp'!$B:$BB,27,0),"") -> 0 | AA58: =IFERROR(VLOOKUP($B58,'Bảng tổng hợp'!$B:$BB,28,0),"") -> 8771923 | AB58: =IFERROR(VLOOKUP($B58,'Bảng tổng hợp'!$B:$BB,38,0),"") -> 0 | AC58: =IFERROR(VLOOKUP($B58,'Bảng tổng hợp'!$B:$BB,39,0),"") -> 0 | AD58: =IFERROR(VLOOKUP($B58,'Bảng tổng hợp'!$B:$BB,43,0),"") -> 0 | AE58: =IFERROR(VLOOKUP($B58,'Bảng tổng hợp'!$B:$BB,44,0),"") -> 0 | AF58: =IFERROR(VLOOKUP($B58,'Bảng tổng hợp'!$B:$BB,52,0),"") -> 0 | AG58: =IFERROR(VLOOKUP($B58,'Bảng tổng hợp'!$B:$BB,48,0),"") -> 0 | AH58: =IFERROR(VLOOKUP($B58,'Bảng tổng hợp'!$B:$BB,49,0),"") -> 8600000 | AI58: =IFERROR(VLOOKUP($B58,'Bảng tổng hợp'!$B:$BB,50,0),"") -> 8600000 | AJ58: =IFERROR(VLOOKUP($B58,'Bảng tổng hợp'!$B:$BB,51,0),"") -> 860000 | AK58: =IFERROR(VLOOKUP($B58,'Bảng tổng hợp'!$B:$BB,53,0),"") -> 7911923
A59: G. PHÒNG HÀNH CHÍNH NHÂN SỰ | G59: =SUM(G60:G61) -> 13000000 | H59: =SUM(H60:H61) -> 2000000 | I59: =SUM(I60:I61) -> 2000000 | J59: =SUM(J60:J61) -> 1000000 | K59: =SUM(K60:K61) -> 800000 | L59: =SUM(L60:L61) -> 800000 | M59: =SUM(M60:M61) -> 19600000 | N59: =SUM(N60:N61) -> 0 | ... W59: =SUM(W60:W61) -> 0 | Z59: =SUM(Z60:Z61) -> 0 | AA59: =SUM(AA60:AA61) -> 8911538.5 | AB59: =SUM(AB60:AB61) -> 0 | AC59: =SUM(AC60:AC61) -> 0 | AD59: =SUM(AD60:AD61) -> 0 | AE59: =SUM(AE60:AE61) -> 0 | AF59: =SUM(AF60:AF61) -> 0 | AG59: =SUM(AG60:AG61) -> 0 | ... AK59: =SUM(AK60:AK61) -> 8020384
